hour_of_year,ghi_wm2
1,0.0
2,0.0
3,17.7
4,174.1
5,348.51
6,523.16
7,626.06
8,627.56
9,641.91
10,480.56
11,341.71
12,188.7
13,34.59
14,0.0
15,0.0
16,0.0
17,0.0
18,0.0
19,0.0
20,0.0
21,0.0
22,0.0
23,0.0
24,0.0
25,0.0
26,0.0
27,13.55
28,158.75
29,301.96
30,426.81
31,354.35
32,384.6
33,264.85
34,245.2
35,155.45
36,87.0
37,27.2
38,0.0
39,0.0
40,0.0
41,0.0
42,0.0
43,0.0
44,0.0
45,0.0
46,0.0
47,0.0
48,0.0
49,0.0
50,0.0
51,14.35
52,186.26
53,381.26
54,543.61
55,652.21
56,693.21
57,662.16
58,566.16
59,416.66
60,228.51
61,42.79
62,0.0
63,0.0
64,0.0
65,0.0
66,0.0
67,0.0
68,0.0
69,0.0
70,0.0
71,0.0
72,0.0
73,0.0
74,0.0
75,14.95
76,180.91
77,353.71
78,520.31
79,637.61
80,684.91
81,633.41
82,555.76
83,401.66
84,226.51
85,43.66
86,0.0
87,0.0
88,0.0
89,0.0
90,0.0
91,0.0
92,0.0
93,0.0
94,0.0
95,0.0
96,0.0
97,0.0
98,0.0
99,13.05
100,170.95
101,345.66
102,515.66
103,552.16
104,641.81
105,596.01
106,507.91
107,385.76
108,225.46
109,44.96
110,0.0
111,0.0
112,0.0
113,0.0
114,0.0
115,0.0
116,0.0
117,0.0
118,0.0
119,0.0
120,0.0
121,0.0
122,0.0
123,13.05
124,181.46
125,348.11
126,492.01
127,630.31
128,672.46
129,638.96
130,527.21
131,407.41
132,228.86
133,47.01
134,0.0
135,0.0
136,0.0
137,0.0
138,0.0
139,0.0
140,0.0
141,0.0
142,0.0
143,0.0
144,0.0
145,0.0
146,0.0
147,12.55
148,178.56
149,363.66
150,509.26
151,535.66
152,487.31
153,451.56
154,519.71
155,394.26
156,167.55
157,34.91
158,0.0
159,0.0
160,0.0
161,0.0
162,0.0
163,0.0
164,0.0
165,0.0
166,0.0
167,0.0
168,0.0
169,0.0
170,0.0
171,12.8
172,190.91
173,391.46
174,569.66
175,685.61
176,734.91
177,711.46
178,616.01
179,459.11
180,259.66
181,55.0
182,0.0
183,0.0
184,0.0
185,0.0
186,0.0
187,0.0
188,0.0
189,0.0
190,0.0
191,0.0
192,0.0
193,0.0
194,0.0
195,13.1
196,199.26
197,404.86
198,576.31
199,692.36
200,739.91
201,714.56
202,618.56
203,461.56
204,262.06
205,56.47
206,0.0
207,0.0
208,0.0
209,0.0
210,0.0
211,0.0
212,0.0
213,0.0
214,0.0
215,0.0
216,0.0
217,0.0
218,0.0
219,12.65
220,195.21
221,380.51
222,443.06
223,556.36
224,702.16
225,682.71
226,583.81
227,436.31
228,245.06
229,54.62
230,0.0
231,0.0
232,0.0
233,0.0
234,0.0
235,0.0
236,0.0
237,0.0
238,0.0
239,0.0
240,0.0
241,0.0
242,0.0
243,12.3
244,187.51
245,384.01
246,551.61
247,664.31
248,710.56
249,686.46
250,594.61
251,443.46
252,251.81
253,55.97
254,0.0
255,0.0
256,0.0
257,0.0
258,0.0
259,0.0
260,0.0
261,0.0
262,0.0
263,0.0
264,0.0
265,0.0
266,0.0
267,12.1
268,184.41
269,331.66
270,495.81
271,651.66
272,657.51
273,485.76
274,342.45
275,201.65
276,48.1
277,17.2
278,0.0
279,0.0
280,0.0
281,0.0
282,0.0
283,0.0
284,0.0
285,0.0
286,0.0
287,0.0
288,0.0
289,0.0
290,0.0
291,12.6
292,174.96
293,360.91
294,544.21
295,666.61
296,730.26
297,709.06
298,614.11
299,464.36
300,270.06
301,71.5
302,0.0
303,0.0
304,0.0
305,0.0
306,0.0
307,0.0
308,0.0
309,0.0
310,0.0
311,0.0
312,0.0
313,0.0
314,0.0
315,12.9
316,198.66
317,405.56
318,578.76
319,694.56
320,743.11
321,719.51
322,626.01
323,471.36
324,273.11
325,73.5
326,0.0
327,0.0
328,0.0
329,0.0
330,0.0
331,0.0
332,0.0
333,0.0
334,0.0
335,0.0
336,0.0
337,0.0
338,0.0
339,12.75
340,194.21
341,395.86
342,559.36
343,675.51
344,723.36
345,682.76
346,603.66
347,460.71
348,267.01
349,73.95
350,0.0
351,0.0
352,0.0
353,0.0
354,0.0
355,0.0
356,0.0
357,0.0
358,0.0
359,0.0
360,0.0
361,0.0
362,0.0
363,12.75
364,194.76
365,400.71
366,574.41
367,694.81
368,745.56
369,723.41
370,630.81
371,476.91
372,279.01
373,77.85
374,0.0
375,0.0
376,0.0
377,0.0
378,0.0
379,0.0
380,0.0
381,0.0
382,0.0
383,0.0
384,0.0
385,0.0
386,0.0
387,12.8
388,197.71
389,404.86
390,578.76
391,697.96
392,748.11
393,726.26
394,634.26
395,480.96
396,283.21
397,80.4
398,0.0
399,0.0
400,0.0
401,0.0
402,0.0
403,0.0
404,0.0
405,0.0
406,0.0
407,0.0
408,0.0
409,0.0
410,0.0
411,12.95
412,199.86
413,408.01
414,582.91
415,702.21
416,752.56
417,730.11
418,637.06
419,482.26
420,283.61
421,81.0
422,0.0
423,0.0
424,0.0
425,0.0
426,0.0
427,0.0
428,0.0
429,0.0
430,0.0
431,0.0
432,0.0
433,0.0
434,0.0
435,14.8
436,189.61
437,405.71
438,580.81
439,700.81
440,751.76
441,729.86
442,637.51
443,483.61
444,285.16
445,83.05
446,0.0
447,0.0
448,0.0
449,0.0
450,0.0
451,0.0
452,0.0
453,0.0
454,0.0
455,0.0
456,0.0
457,0.0
458,0.0
459,13.1
460,198.51
461,406.21
462,580.91
463,700.61
464,753.31
465,732.31
466,640.81
467,487.31
468,289.31
469,85.6
470,0.0
471,0.0
472,0.0
473,0.0
474,0.0
475,0.0
476,0.0
477,0.0
478,0.0
479,0.0
480,0.0
481,0.0
482,0.0
483,12.35
484,177.4
485,373.26
486,537.11
487,677.01
488,735.01
489,708.61
490,621.26
491,471.86
492,279.81
493,83.75
494,0.0
495,0.0
496,0.0
497,0.0
498,0.0
499,0.0
500,0.0
501,0.0
502,0.0
503,0.0
504,0.0
505,0.0
506,0.0
507,13.35
508,194.06
509,398.81
510,572.01
511,691.81
512,742.46
513,722.31
514,632.86
515,482.71
516,287.16
517,87.3
518,0.0
519,0.0
520,0.0
521,0.0
522,0.0
523,0.0
524,0.0
525,0.0
526,0.0
527,0.0
528,0.0
529,0.0
530,0.0
531,13.95
532,197.31
533,404.11
534,579.61
535,697.96
536,752.01
537,732.61
538,642.66
539,490.76
540,294.31
541,91.0
542,0.0
543,0.0
544,0.0
545,0.0
546,0.0
547,0.0
548,0.0
549,0.0
550,0.0
551,0.0
552,0.0
553,0.0
554,0.0
555,13.7
556,198.36
557,405.51
558,581.06
559,701.91
560,754.66
561,734.71
562,643.91
563,491.31
564,294.71
565,92.05
566,0.0
567,0.0
568,0.0
569,0.0
570,0.0
571,0.0
572,0.0
573,0.0
574,0.0
575,0.0
576,0.0
577,0.0
578,0.0
579,14.25
580,191.21
581,352.66
582,433.41
583,517.16
584,609.46
585,677.21
586,614.06
587,419.16
588,263.61
589,89.2
590,0.0
591,0.0
592,0.0
593,0.0
594,0.0
595,0.0
596,0.0
597,0.0
598,0.0
599,0.0
600,0.0
601,0.0
602,0.0
603,13.25
604,169.25
605,329.51
606,453.71
607,663.56
608,735.36
609,683.91
610,600.01
611,404.01
612,226.05
613,72.1
614,0.0
615,0.0
616,0.0
617,0.0
618,0.0
619,0.0
620,0.0
621,0.0
622,0.0
623,0.0
624,0.0
625,0.0
626,0.0
627,12.05
628,176.35
629,334.16
630,552.01
631,584.86
632,626.16
633,673.86
634,558.81
635,414.96
636,291.71
637,95.95
638,0.0
639,0.0
640,0.0
641,0.0
642,0.0
643,0.0
644,0.0
645,0.0
646,0.0
647,0.0
648,0.0
649,0.0
650,0.0
651,15.05
652,206.11
653,418.56
654,599.26
655,725.71
656,783.41
657,771.06
658,680.56
659,525.36
660,322.06
661,107.35
662,0.0
663,0.0
664,0.0
665,0.0
666,0.0
667,0.0
668,0.0
669,0.0
670,0.0
671,0.0
672,0.0
673,0.0
674,0.0
675,15.6
676,215.01
677,432.36
678,615.76
679,738.56
680,794.36
681,775.81
682,684.31
683,528.36
684,324.76
685,109.6
686,0.0
687,0.0
688,0.0
689,0.0
690,0.0
691,0.0
692,0.0
693,0.0
694,0.0
695,0.0
696,0.0
697,0.0
698,0.0
699,15.6
700,211.66
701,425.46
702,605.96
703,728.01
704,783.31
705,765.11
706,674.61
707,520.26
708,319.76
709,108.75
710,0.0
711,0.0
712,0.0
713,0.0
714,0.0
715,0.0
716,0.0
717,0.0
718,0.0
719,0.0
720,0.0
721,0.0
722,0.0
723,27.23
724,211.96
725,426.71
726,608.86
727,733.06
728,789.01
729,771.16
730,681.01
731,526.56
732,324.81
733,111.85
734,0.0
735,0.0
736,0.0
737,0.0
738,0.0
739,0.0
740,0.0
741,0.0
742,0.0
743,0.0
744,0.0
745,0.0
746,0.0
747,27.58
748,211.01
749,424.96
750,607.31
751,731.56
752,788.06
753,770.36
754,679.81
755,525.21
756,324.31
757,112.7
758,0.0
759,0.0
760,0.0
761,0.0
762,0.0
763,0.0
764,0.0
765,0.0
766,0.0
767,0.0
768,0.0
769,0.0
770,0.0
771,28.55
772,215.31
773,429.01
774,610.86
775,737.81
776,794.06
777,776.26
778,685.91
779,531.31
780,329.36
781,115.6
782,0.0
783,0.0
784,0.0
785,0.0
786,0.0
787,0.0
788,0.0
789,0.0
790,0.0
791,0.0
792,0.0
793,0.0
794,0.0
795,28.68
796,211.96
797,424.26
798,605.11
799,732.41
800,788.91
801,771.86
802,682.61
803,530.41
804,329.01
805,116.35
806,0.0
807,0.0
808,0.0
809,0.0
810,0.0
811,0.0
812,0.0
813,0.0
814,0.0
815,0.0
816,0.0
817,0.0
818,0.0
819,23.9
820,181.7
821,346.16
822,583.66
823,714.71
824,744.76
825,760.01
826,671.46
827,496.26
828,299.51
829,110.85
830,0.0
831,0.0
832,0.0
833,0.0
834,0.0
835,0.0
836,0.0
837,0.0
838,0.0
839,0.0
840,0.0
841,0.0
842,0.0
843,30.55
844,217.25
845,431.41
846,619.86
847,741.26
848,796.86
849,779.06
850,688.41
851,534.46
852,333.91
853,121.0
854,0.0
855,0.0
856,0.0
857,0.0
858,0.0
859,0.0
860,0.0
861,0.0
862,0.0
863,0.0
864,0.0
865,0.0
866,0.0
867,31.44
868,219.05
869,433.66
870,616.01
871,742.01
872,798.86
873,781.66
874,692.06
875,538.56
876,337.81
877,123.95
878,0.0
879,0.0
880,0.0
881,0.0
882,0.0
883,0.0
884,0.0
885,0.0
886,0.0
887,0.0
888,0.0
889,0.0
890,0.0
891,32.22
892,219.25
893,432.61
894,614.36
895,744.36
896,802.76
897,786.26
898,696.11
899,541.66
900,340.01
901,125.55
902,0.0
903,0.0
904,0.0
905,0.0
906,0.0
907,0.0
908,0.0
909,0.0
910,0.0
911,0.0
912,0.0
913,0.0
914,0.0
915,34.18
916,228.9
917,447.91
918,633.36
919,761.51
920,819.76
921,802.76
922,711.81
923,555.31
924,350.41
925,131.15
926,0.0
927,0.0
928,0.0
929,0.0
930,0.0
931,0.0
932,0.0
933,0.0
934,0.0
935,0.0
936,0.0
937,0.0
938,0.0
939,35.39
940,232.6
941,453.06
942,639.81
943,769.76
944,827.71
945,809.41
946,716.96
947,559.46
948,354.06
949,133.8
950,0.0
951,0.0
952,0.0
953,0.0
954,0.0
955,0.0
956,0.0
957,0.0
958,0.0
959,0.0
960,0.0
961,0.0
962,0.0
963,35.88
964,230.7
965,448.26
966,632.51
967,760.41
968,818.01
969,800.51
970,709.61
971,553.76
972,350.16
973,132.65
974,0.0
975,0.0
976,0.0
977,0.0
978,0.0
979,0.0
980,0.0
981,0.0
982,0.0
983,0.0
984,0.0
985,0.0
986,0.0
987,36.41
988,229.65
989,445.36
990,628.41
991,751.41
992,808.96
993,792.31
994,702.61
995,548.61
996,347.26
997,132.35
998,0.0
999,0.0
1000,0.0
1001,0.0
1002,0.0
1003,0.0
1004,0.0
1005,0.0
1006,0.0
1007,0.0
1008,0.0
1009,0.0
1010,0.0
1011,37.64
1012,232.65
1013,449.46
1014,632.31
1015,754.61
1016,810.91
1017,793.21
1018,701.41
1019,547.01
1020,344.26
1021,132.2
1022,0.0
1023,0.0
1024,0.0
1025,0.0
1026,0.0
1027,0.0
1028,0.0
1029,0.0
1030,0.0
1031,0.0
1032,0.0
1033,0.0
1034,0.0
1035,37.48
1036,225.45
1037,430.96
1038,612.71
1039,737.81
1040,794.56
1041,778.31
1042,687.21
1043,529.86
1044,336.76
1045,132.0
1046,0.0
1047,0.0
1048,0.0
1049,0.0
1050,0.0
1051,0.0
1052,0.0
1053,0.0
1054,0.0
1055,0.0
1056,0.0
1057,0.0
1058,0.0
1059,39.91
1060,235.7
1061,452.01
1062,634.51
1063,760.81
1064,818.11
1065,800.96
1066,702.81
1067,543.46
1068,344.56
1069,134.75
1070,0.0
1071,0.0
1072,0.0
1073,0.0
1074,0.0
1075,0.0
1076,0.0
1077,0.0
1078,0.0
1079,0.0
1080,0.0
1081,0.0
1082,0.0
1083,42.0
1084,244.15
1085,465.56
1086,653.31
1087,779.71
1088,839.36
1089,823.51
1090,733.61
1091,577.96
1092,372.06
1093,147.9
1094,0.0
1095,0.0
1096,0.0
1097,0.0
1098,0.0
1099,0.0
1100,0.0
1101,0.0
1102,0.0
1103,0.0
1104,0.0
1105,0.0
1106,0.0
1107,44.09
1108,249.65
1109,472.11
1110,659.86
1111,788.96
1112,847.21
1113,829.66
1114,738.11
1115,580.51
1116,373.36
1117,149.25
1118,0.0
1119,0.0
1120,0.0
1121,0.0
1122,0.0
1123,0.0
1124,0.0
1125,0.0
1126,0.0
1127,0.0
1128,0.0
1129,0.0
1130,0.0
1131,45.54
1132,252.8
1133,475.16
1134,662.36
1135,793.61
1136,851.96
1137,834.01
1138,741.26
1139,582.61
1140,375.06
1141,150.9
1142,0.0
1143,0.0
1144,0.0
1145,0.0
1146,0.0
1147,0.0
1148,0.0
1149,0.0
1150,0.0
1151,0.0
1152,0.0
1153,0.0
1154,0.0
1155,43.53
1156,236.2
1157,453.86
1158,653.46
1159,737.06
1160,758.91
1161,660.06
1162,647.46
1163,506.36
1164,306.8
1165,132.45
1166,0.0
1167,0.0
1168,0.0
1169,0.0
1170,0.0
1171,0.0
1172,0.0
1173,0.0
1174,0.0
1175,0.0
1176,0.0
1177,0.0
1178,0.0
1179,42.81
1180,215.2
1181,420.75
1182,619.61
1183,734.56
1184,803.76
1185,826.21
1186,743.11
1187,582.11
1188,377.16
1189,153.7
1190,0.0
1191,0.0
1192,0.0
1193,0.0
1194,0.0
1195,0.0
1196,0.0
1197,0.0
1198,0.0
1199,0.0
1200,0.0
1201,0.0
1202,0.0
1203,50.8
1204,263.6
1205,488.31
1206,676.21
1207,804.56
1208,862.61
1209,844.16
1210,750.51
1211,590.71
1212,381.81
1213,156.3
1214,0.0
1215,0.0
1216,0.0
1217,0.0
1218,0.0
1219,0.0
1220,0.0
1221,0.0
1222,0.0
1223,0.0
1224,0.0
1225,0.0
1226,0.0
1227,50.49
1228,251.0
1229,474.16
1230,657.46
1231,793.26
1232,852.31
1233,819.41
1234,732.46
1235,574.46
1236,371.31
1237,153.35
1238,0.0
1239,0.0
1240,0.0
1241,0.0
1242,0.0
1243,0.0
1244,0.0
1245,0.0
1246,0.0
1247,0.0
1248,0.0
1249,0.0
1250,0.0
1251,51.78
1252,257.4
1253,476.26
1254,659.81
1255,785.61
1256,842.61
1257,824.81
1258,733.66
1259,577.51
1260,373.41
1261,153.95
1262,0.0
1263,0.0
1264,0.0
1265,0.0
1266,0.0
1267,0.0
1268,0.0
1269,0.0
1270,0.0
1271,0.0
1272,0.0
1273,0.0
1274,0.0
1275,52.38
1276,255.8
1277,471.06
1278,646.11
1279,779.21
1280,837.96
1281,820.31
1282,729.76
1283,575.16
1284,373.01
1285,155.15
1286,0.0
1287,0.0
1288,0.0
1289,0.0
1290,0.0
1291,0.0
1292,0.0
1293,0.0
1294,0.0
1295,0.0
1296,0.0
1297,0.0
1298,0.0
1299,62.1
1300,264.0
1301,482.51
1302,666.71
1303,793.66
1304,850.81
1305,832.86
1306,741.61
1307,585.61
1308,381.41
1309,160.15
1310,0.0
1311,0.0
1312,0.0
1313,0.0
1314,0.0
1315,0.0
1316,0.0
1317,0.0
1318,0.0
1319,0.0
1320,0.0
1321,0.0
1322,0.0
1323,63.45
1324,264.1
1325,478.16
1326,646.96
1327,774.66
1328,841.41
1329,825.31
1330,732.71
1331,562.06
1332,354.9
1333,144.7
1334,0.0
1335,0.0
1336,0.0
1337,0.0
1338,0.0
1339,0.0
1340,0.0
1341,0.0
1342,0.0
1343,0.0
1344,0.0
1345,0.0
1346,0.0
1347,55.65
1348,221.9
1349,430.95
1350,667.96
1351,794.96
1352,826.01
1353,834.16
1354,742.71
1355,588.11
1356,385.6
1357,162.15
1358,0.0
1359,0.0
1360,0.0
1361,0.0
1362,0.0
1363,0.0
1364,0.0
1365,0.0
1366,0.0
1367,0.0
1368,0.0
1369,0.0
1370,0.0
1371,71.0
1372,277.4
1373,491.86
1374,680.16
1375,767.06
1376,815.21
1377,790.36
1378,688.11
1379,526.26
1380,346.4
1381,151.1
1382,9.7
1383,0.0
1384,0.0
1385,0.0
1386,0.0
1387,0.0
1388,0.0
1389,0.0
1390,0.0
1391,0.0
1392,0.0
1393,0.0
1394,0.0
1395,60.3
1396,259.8
1397,462.31
1398,630.31
1399,769.91
1400,840.36
1401,827.76
1402,742.31
1403,583.21
1404,383.05
1405,162.85
1406,9.4
1407,0.0
1408,0.0
1409,0.0
1410,0.0
1411,0.0
1412,0.0
1413,0.0
1414,0.0
1415,0.0
1416,0.0
1417,0.0
1418,0.0
1419,69.7
1420,264.7
1421,468.46
1422,671.81
1423,803.31
1424,865.51
1425,839.21
1426,744.11
1427,584.46
1428,381.35
1429,167.65
1430,10.0
1431,0.0
1432,0.0
1433,0.0
1434,0.0
1435,0.0
1436,0.0
1437,0.0
1438,0.0
1439,0.0
1440,0.0
1441,0.0
1442,0.0
1443,79.7
1444,291.05
1445,512.71
1446,697.91
1447,829.36
1448,885.01
1449,864.06
1450,769.16
1451,609.46
1452,401.4
1453,175.55
1454,10.5
1455,0.0
1456,0.0
1457,0.0
1458,0.0
1459,0.0
1460,0.0
1461,0.0
1462,0.0
1463,0.0
1464,0.0
1465,0.0
1466,0.0
1467,83.3
1468,297.9
1469,521.46
1470,707.96
1471,831.91
1472,887.51
1473,867.31
1474,773.06
1475,613.81
1476,406.3
1477,179.15
1478,10.95
1479,0.0
1480,0.0
1481,0.0
1482,0.0
1483,0.0
1484,0.0
1485,0.0
1486,0.0
1487,0.0
1488,0.0
1489,0.0
1490,0.0
1491,74.85
1492,269.65
1493,499.26
1494,658.21
1495,803.11
1496,861.96
1497,866.21
1498,757.46
1499,613.56
1500,408.5
1501,178.8
1502,11.4
1503,0.0
1504,0.0
1505,0.0
1506,0.0
1507,0.0
1508,0.0
1509,0.0
1510,0.0
1511,0.0
1512,0.0
1513,0.0
1514,0.0
1515,81.2
1516,274.65
1517,482.95
1518,603.56
1519,717.86
1520,853.81
1521,791.66
1522,668.26
1523,593.41
1524,409.95
1525,184.35
1526,11.8
1527,0.0
1528,0.0
1529,0.0
1530,0.0
1531,0.0
1532,0.0
1533,0.0
1534,0.0
1535,0.0
1536,0.0
1537,0.0
1538,0.0
1539,96.85
1540,322.3
1541,551.11
1542,739.91
1543,866.61
1544,922.16
1545,900.51
1546,803.11
1547,638.96
1548,424.4
1549,189.75
1550,12.1
1551,0.0
1552,0.0
1553,0.0
1554,0.0
1555,0.0
1556,0.0
1557,0.0
1558,0.0
1559,0.0
1560,0.0
1561,0.0
1562,0.0
1563,96.5
1564,317.45
1565,543.21
1566,730.21
1567,858.21
1568,914.16
1569,893.36
1570,798.11
1571,636.71
1572,425.0
1573,191.8
1574,12.55
1575,0.0
1576,0.0
1577,0.0
1578,0.0
1579,0.0
1580,0.0
1581,0.0
1582,0.0
1583,0.0
1584,0.0
1585,0.0
1586,0.0
1587,102.15
1588,328.6
1589,556.96
1590,744.56
1591,870.56
1592,924.51
1593,901.11
1594,802.61
1595,638.31
1596,424.8
1597,191.55
1598,12.75
1599,0.0
1600,0.0
1601,0.0
1602,0.0
1603,0.0
1604,0.0
1605,0.0
1606,0.0
1607,0.0
1608,0.0
1609,0.0
1610,0.0
1611,97.85
1612,314.8
1613,541.26
1614,722.61
1615,858.01
1616,898.56
1617,881.41
1618,779.96
1619,604.01
1620,408.55
1621,185.4
1622,13.4
1623,0.0
1624,0.0
1625,0.0
1626,0.0
1627,0.0
1628,0.0
1629,0.0
1630,0.0
1631,0.0
1632,0.0
1633,0.0
1634,0.0
1635,103.9
1636,324.2
1637,538.36
1638,726.81
1639,846.21
1640,875.51
1641,859.01
1642,788.81
1643,614.46
1644,418.35
1645,190.1
1646,13.1
1647,0.0
1648,0.0
1649,0.0
1650,0.0
1651,0.0
1652,0.0
1653,0.0
1654,0.0
1655,0.0
1656,0.0
1657,0.0
1658,0.0
1659,113.25
1660,344.4
1661,573.46
1662,760.36
1663,884.31
1664,937.01
1665,913.51
1666,815.76
1667,651.96
1668,437.95
1669,201.55
1670,14.0
1671,0.0
1672,0.0
1673,0.0
1674,0.0
1675,0.0
1676,0.0
1677,0.0
1678,0.0
1679,0.0
1680,0.0
1681,0.0
1682,0.0
1683,117.25
1684,350.3
1685,580.56
1686,763.81
1687,893.41
1688,943.51
1689,923.01
1690,825.81
1691,660.96
1692,443.85
1693,203.55
1694,14.2
1695,0.0
1696,0.0
1697,0.0
1698,0.0
1699,0.0
1700,0.0
1701,0.0
1702,0.0
1703,0.0
1704,0.0
1705,0.0
1706,0.0
1707,117.1
1708,346.5
1709,575.26
1710,763.71
1711,888.71
1712,942.76
1713,919.56
1714,820.86
1715,655.06
1716,439.1
1717,202.2
1718,14.35
1719,0.0
1720,0.0
1721,0.0
1722,0.0
1723,0.0
1724,0.0
1725,0.0
1726,0.0
1727,0.0
1728,0.0
1729,0.0
1730,0.0
1731,119.6
1732,348.55
1733,576.66
1734,764.06
1735,890.81
1736,943.31
1737,918.86
1738,819.81
1739,654.41
1740,439.1
1741,203.4
1742,14.9
1743,0.0
1744,0.0
1745,0.0
1746,0.0
1747,0.0
1748,0.0
1749,0.0
1750,0.0
1751,0.0
1752,0.0
1753,0.0
1754,0.0
1755,97.35
1756,258.0
1757,467.9
1758,650.0
1759,862.46
1760,919.11
1761,868.86
1762,707.5
1763,562.75
1764,362.3
1765,171.15
1766,16.15
1767,0.0
1768,0.0
1769,0.0
1770,0.0
1771,0.0
1772,0.0
1773,0.0
1774,0.0
1775,0.0
1776,0.0
1777,0.0
1778,0.0
1779,97.75
1780,278.9
1781,508.05
1782,597.65
1783,835.26
1784,915.96
1785,879.61
1786,764.06
1787,629.56
1788,418.15
1789,190.95
1790,14.9
1791,0.0
1792,0.0
1793,0.0
1794,0.0
1795,0.0
1796,0.0
1797,0.0
1798,0.0
1799,0.0
1800,0.0
1801,0.0
1802,0.0
1803,124.15
1804,340.25
1805,572.2
1806,741.76
1807,881.36
1808,932.91
1809,908.11
1810,809.21
1811,645.26
1812,433.05
1813,201.3
1814,15.15
1815,0.0
1816,0.0
1817,0.0
1818,0.0
1819,0.0
1820,0.0
1821,0.0
1822,0.0
1823,0.0
1824,0.0
1825,0.0
1826,0.0
1827,129.8
1828,356.95
1829,580.75
1830,763.66
1831,885.96
1832,935.71
1833,909.21
1834,809.51
1835,645.41
1836,429.85
1837,200.9
1838,15.5
1839,0.0
1840,0.0
1841,0.0
1842,0.0
1843,0.0
1844,0.0
1845,0.0
1846,0.0
1847,0.0
1848,0.0
1849,0.0
1850,0.0
1851,130.05
1852,356.8
1853,589.35
1854,775.11
1855,903.06
1856,953.21
1857,926.76
1858,823.31
1859,645.65
1860,426.25
1861,190.75
1862,20.1
1863,0.0
1864,0.0
1865,0.0
1866,0.0
1867,0.0
1868,0.0
1869,0.0
1870,0.0
1871,0.0
1872,0.0
1873,0.0
1874,0.0
1875,133.2
1876,356.65
1877,576.15
1878,754.31
1879,873.81
1880,923.01
1881,896.41
1882,796.91
1883,634.4
1884,425.6
1885,193.2
1886,23.04
1887,0.0
1888,0.0
1889,0.0
1890,0.0
1891,0.0
1892,0.0
1893,0.0
1894,0.0
1895,0.0
1896,0.0
1897,0.0
1898,0.0
1899,128.15
1900,343.6
1901,544.75
1902,741.46
1903,860.76
1904,908.31
1905,884.36
1906,782.91
1907,549.55
1908,273.4
1909,86.6
1910,16.47
1911,0.0
1912,0.0
1913,0.0
1914,0.0
1915,0.0
1916,0.0
1917,0.0
1918,0.0
1919,0.0
1920,0.0
1921,0.0
1922,0.0
1923,94.75
1924,243.95
1925,540.1
1926,637.15
1927,773.26
1928,862.91
1929,864.36
1930,783.06
1931,581.25
1932,341.8
1933,125.7
1934,19.9
1935,0.0
1936,0.0
1937,0.0
1938,0.0
1939,0.0
1940,0.0
1941,0.0
1942,0.0
1943,0.0
1944,0.0
1945,0.0
1946,0.0
1947,102.65
1948,258.85
1949,465.2
1950,635.65
1951,274.8
1952,439.45
1953,594.4
1954,491.25
1955,379.9
1956,233.25
1957,147.7
1958,24.58
1959,0.0
1960,0.0
1961,0.0
1962,0.0
1963,0.0
1964,0.0
1965,0.0
1966,0.0
1967,0.0
1968,0.0
1969,0.0
1970,0.0
1971,106.95
1972,264.95
1973,448.95
1974,627.1
1975,746.9
1976,862.61
1977,855.46
1978,782.26
1979,610.0
1980,407.6
1981,192.75
1982,24.35
1983,0.0
1984,0.0
1985,0.0
1986,0.0
1987,0.0
1988,0.0
1989,0.0
1990,0.0
1991,0.0
1992,0.0
1993,0.0
1994,0.0
1995,126.35
1996,328.95
1997,498.25
1998,649.25
1999,763.6
2000,811.3
2001,712.6
2002,653.05
2003,492.95
2004,297.6
2005,142.1
2006,20.0
2007,0.0
2008,0.0
2009,0.0
2010,0.0
2011,0.0
2012,0.0
2013,0.0
2014,0.0
2015,0.0
2016,0.0
2017,0.0
2018,0.0
2019,35.7
2020,120.65
2021,183.85
2022,169.85
2023,250.7
2024,225.05
2025,164.1
2026,145.65
2027,195.2
2028,104.15
2029,105.85
2030,20.94
2031,0.0
2032,0.0
2033,0.0
2034,0.0
2035,0.0
2036,0.0
2037,0.0
2038,0.0
2039,0.0
2040,0.0
2041,0.0
2042,0.0
2043,152.9
2044,355.1
2045,549.2
2046,775.55
2047,879.81
2048,918.31
2049,866.11
2050,782.11
2051,653.15
2052,445.75
2053,216.7
2054,28.69
2055,0.0
2056,0.0
2057,0.0
2058,0.0
2059,0.0
2060,0.0
2061,0.0
2062,0.0
2063,0.0
2064,0.0
2065,0.0
2066,0.0
2067,159.95
2068,388.25
2069,606.6
2070,784.25
2071,901.06
2072,947.06
2073,847.91
2074,759.75
2075,582.15
2076,410.45
2077,204.8
2078,28.26
2079,0.0
2080,0.0
2081,0.0
2082,0.0
2083,0.0
2084,0.0
2085,0.0
2086,0.0
2087,0.0
2088,0.0
2089,0.0
2090,0.0
2091,164.45
2092,391.45
2093,615.85
2094,794.45
2095,911.11
2096,957.61
2097,928.66
2098,826.66
2099,660.9
2100,448.0
2101,216.2
2102,29.54
2103,0.0
2104,0.0
2105,0.0
2106,0.0
2107,0.0
2108,0.0
2109,0.0
2110,0.0
2111,0.0
2112,0.0
2113,0.0
2114,0.0
2115,168.55
2116,398.15
2117,617.8
2118,794.95
2119,910.91
2120,958.66
2121,926.86
2122,806.65
2123,594.45
2124,367.55
2125,179.85
2126,28.97
2127,0.0
2128,0.0
2129,0.0
2130,0.0
2131,0.0
2132,0.0
2133,0.0
2134,0.0
2135,0.0
2136,0.0
2137,0.0
2138,6.95
2139,108.75
2140,318.15
2141,549.0
2142,788.6
2143,910.61
2144,955.91
2145,925.46
2146,822.2
2147,656.25
2148,443.75
2149,215.25
2150,30.59
2151,0.0
2152,0.0
2153,0.0
2154,0.0
2155,0.0
2156,0.0
2157,0.0
2158,0.0
2159,0.0
2160,0.0
2161,0.0
2162,11.5
2163,156.2
2164,356.85
2165,599.15
2166,797.85
2167,929.91
2168,978.01
2169,947.11
2170,843.25
2171,678.35
2172,462.6
2173,226.25
2174,32.3
2175,0.0
2176,0.0
2177,0.0
2178,0.0
2179,0.0
2180,0.0
2181,0.0
2182,0.0
2183,0.0
2184,0.0
2185,0.0
2186,11.95
2187,176.75
2188,405.3
2189,623.3
2190,799.35
2191,913.91
2192,960.66
2193,931.91
2194,829.65
2195,662.5
2196,442.35
2197,219.3
2198,31.97
2199,0.0
2200,0.0
2201,0.0
2202,0.0
2203,0.0
2204,0.0
2205,0.0
2206,0.0
2207,0.0
2208,0.0
2209,0.0
2210,12.6
2211,183.45
2212,413.7
2213,631.5
2214,806.7
2215,920.61
2216,963.81
2217,934.01
2218,832.05
2219,664.1
2220,453.0
2221,224.0
2222,32.97
2223,0.0
2224,0.0
2225,0.0
2226,0.0
2227,0.0
2228,0.0
2229,0.0
2230,0.0
2231,0.0
2232,0.0
2233,0.0
2234,13.25
2235,186.9
2236,418.5
2237,637.7
2238,814.0
2239,930.26
2240,974.91
2241,944.86
2242,842.25
2243,675.8
2244,462.15
2245,228.45
2246,34.26
2247,0.0
2248,0.0
2249,0.0
2250,0.0
2251,0.0
2252,0.0
2253,0.0
2254,0.0
2255,0.0
2256,0.0
2257,0.0
2258,13.85
2259,187.9
2260,417.5
2261,635.05
2262,810.2
2263,924.16
2264,966.96
2265,935.11
2266,822.35
2267,626.9
2268,427.1
2269,218.3
2270,31.74
2271,0.0
2272,0.0
2273,0.0
2274,0.0
2275,0.0
2276,0.0
2277,0.0
2278,0.0
2279,0.0
2280,0.0
2281,0.0
2282,15.35
2283,185.65
2284,423.45
2285,652.9
2286,828.6
2287,937.91
2288,979.56
2289,947.11
2290,843.9
2291,675.0
2292,454.6
2293,228.5
2294,34.35
2295,0.0
2296,0.0
2297,0.0
2298,0.0
2299,0.0
2300,0.0
2301,0.0
2302,0.0
2303,0.0
2304,0.0
2305,0.0
2306,17.75
2307,170.7
2308,314.95
2309,537.85
2310,715.9
2311,886.55
2312,959.71
2313,946.36
2314,842.8
2315,663.0
2316,433.5
2317,213.1
2318,34.17
2319,0.0
2320,0.0
2321,0.0
2322,0.0
2323,0.0
2324,0.0
2325,0.0
2326,0.0
2327,0.0
2328,0.0
2329,0.0
2330,19.4
2331,168.15
2332,358.8
2333,592.6
2334,815.35
2335,926.5
2336,971.61
2337,939.85
2338,840.25
2339,665.6
2340,466.1
2341,223.6
2342,35.17
2343,0.0
2344,0.0
2345,0.0
2346,0.0
2347,0.0
2348,0.0
2349,0.0
2350,0.0
2351,0.0
2352,0.0
2353,0.0
2354,16.7
2355,203.05
2356,435.25
2357,652.5
2358,825.8
2359,939.1
2360,981.36
2361,949.35
2362,845.4
2363,678.85
2364,466.05
2365,233.7
2366,37.32
2367,0.0
2368,0.0
2369,0.0
2370,0.0
2371,0.0
2372,0.0
2373,0.0
2374,0.0
2375,0.0
2376,0.0
2377,0.0
2378,25.64
2379,206.25
2380,437.8
2381,654.8
2382,828.15
2383,935.75
2384,976.95
2385,944.25
2386,840.55
2387,674.85
2388,464.2
2389,232.15
2390,37.15
2391,0.0
2392,0.0
2393,0.0
2394,0.0
2395,0.0
2396,0.0
2397,0.0
2398,0.0
2399,0.0
2400,0.0
2401,0.0
2402,27.21
2403,210.9
2404,444.55
2405,661.7
2406,834.3
2407,946.7
2408,986.55
2409,951.3
2410,843.5
2411,675.8
2412,461.4
2413,224.9
2414,37.11
2415,0.0
2416,0.0
2417,0.0
2418,0.0
2419,0.0
2420,0.0
2421,0.0
2422,0.0
2423,0.0
2424,0.0
2425,0.0
2426,28.77
2427,209.35
2428,436.35
2429,657.85
2430,833.4
2431,950.15
2432,990.7
2433,956.5
2434,850.7
2435,682.4
2436,468.1
2437,235.15
2438,38.97
2439,0.0
2440,0.0
2441,0.0
2442,0.0
2443,0.0
2444,0.0
2445,0.0
2446,0.0
2447,0.0
2448,0.0
2449,0.0
2450,29.64
2451,213.45
2452,441.9
2453,657.25
2454,831.1
2455,941.8
2456,986.3
2457,943.65
2458,839.0
2459,667.95
2460,453.1
2461,226.7
2462,38.65
2463,0.0
2464,0.0
2465,0.0
2466,0.0
2467,0.0
2468,0.0
2469,0.0
2470,0.0
2471,0.0
2472,0.0
2473,0.0
2474,29.81
2475,150.9
2476,294.1
2477,537.25
2478,698.05
2479,643.75
2480,565.5
2481,751.75
2482,670.05
2483,575.7
2484,419.5
2485,194.45
2486,31.47
2487,0.0
2488,0.0
2489,0.0
2490,0.0
2491,0.0
2492,0.0
2493,0.0
2494,0.0
2495,0.0
2496,0.0
2497,0.0
2498,31.29
2499,198.35
2500,433.0
2501,621.9
2502,811.2
2503,900.15
2504,914.95
2505,923.75
2506,823.55
2507,658.0
2508,460.5
2509,232.35
2510,39.99
2511,0.0
2512,0.0
2513,0.0
2514,0.0
2515,0.0
2516,0.0
2517,0.0
2518,0.0
2519,0.0
2520,0.0
2521,0.0
2522,32.76
2523,186.9
2524,383.8
2525,391.45
2526,643.3
2527,540.3
2528,719.4
2529,725.1
2530,508.1
2531,373.7
2532,324.6
2533,174.45
2534,36.81
2535,0.0
2536,0.0
2537,0.0
2538,0.0
2539,0.0
2540,0.0
2541,0.0
2542,0.0
2543,0.0
2544,0.0
2545,0.0
2546,35.38
2547,222.95
2548,451.65
2549,663.55
2550,830.45
2551,927.5
2552,969.4
2553,951.05
2554,843.85
2555,679.35
2556,467.8
2557,237.65
2558,42.14
2559,0.0
2560,0.0
2561,0.0
2562,0.0
2563,0.0
2564,0.0
2565,0.0
2566,0.0
2567,0.0
2568,0.0
2569,0.0
2570,32.66
2571,217.6
2572,444.0
2573,659.7
2574,828.05
2575,939.0
2576,978.4
2577,943.45
2578,839.95
2579,670.95
2580,464.15
2581,236.05
2582,41.43
2583,0.0
2584,0.0
2585,0.0
2586,0.0
2587,0.0
2588,0.0
2589,0.0
2590,0.0
2591,0.0
2592,0.0
2593,0.0
2594,36.32
2595,215.95
2596,409.2
2597,665.4
2598,834.15
2599,932.8
2600,965.5
2601,933.75
2602,820.65
2603,649.65
2604,414.4
2605,214.1
2606,41.43
2607,0.0
2608,0.0
2609,0.0
2610,0.0
2611,0.0
2612,0.0
2613,0.0
2614,0.0
2615,0.0
2616,0.0
2617,0.0
2618,37.11
2619,214.75
2620,439.75
2621,658.35
2622,823.75
2623,925.75
2624,963.4
2625,915.45
2626,805.05
2627,662.45
2628,448.0
2629,220.7
2630,42.19
2631,0.0
2632,0.0
2633,0.0
2634,0.0
2635,0.0
2636,0.0
2637,0.0
2638,0.0
2639,0.0
2640,0.0
2641,0.0
2642,40.22
2643,226.65
2644,449.7
2645,653.5
2646,816.55
2647,929.7
2648,965.65
2649,932.95
2650,826.15
2651,670.55
2652,453.45
2653,222.15
2654,42.67
2655,0.0
2656,0.0
2657,0.0
2658,0.0
2659,0.0
2660,0.0
2661,0.0
2662,0.0
2663,0.0
2664,0.0
2665,0.0
2666,40.75
2667,209.55
2668,417.25
2669,639.25
2670,824.9
2671,939.1
2672,977.0
2673,944.05
2674,845.75
2675,677.4
2676,469.9
2677,243.4
2678,45.79
2679,0.0
2680,0.0
2681,0.0
2682,0.0
2683,0.0
2684,0.0
2685,0.0
2686,0.0
2687,0.0
2688,0.0
2689,0.0
2690,43.78
2691,237.15
2692,461.4
2693,668.0
2694,831.0
2695,932.45
2696,968.7
2697,940.05
2698,837.3
2699,678.4
2700,467.4
2701,240.45
2702,45.92
2703,0.0
2704,0.0
2705,0.0
2706,0.0
2707,0.0
2708,0.0
2709,0.0
2710,0.0
2711,0.0
2712,0.0
2713,0.0
2714,46.18
2715,241.65
2716,470.95
2717,678.55
2718,842.05
2719,944.2
2720,979.25
2721,946.0
2722,840.55
2723,680.25
2724,471.35
2725,243.2
2726,45.8
2727,0.0
2728,0.0
2729,0.0
2730,0.0
2731,0.0
2732,0.0
2733,0.0
2734,0.0
2735,0.0
2736,0.0
2737,0.0
2738,47.02
2739,242.55
2740,464.85
2741,673.55
2742,837.25
2743,939.85
2744,976.4
2745,941.65
2746,840.3
2747,676.85
2748,468.45
2749,245.35
2750,47.01
2751,0.0
2752,0.0
2753,0.0
2754,0.0
2755,0.0
2756,0.0
2757,0.0
2758,0.0
2759,0.0
2760,0.0
2761,0.0
2762,48.26
2763,244.35
2764,469.9
2765,677.8
2766,842.2
2767,949.5
2768,986.5
2769,953.25
2770,849.75
2771,689.85
2772,471.6
2773,237.65
2774,47.72
2775,0.0
2776,0.0
2777,0.0
2778,0.0
2779,0.0
2780,0.0
2781,0.0
2782,0.0
2783,0.0
2784,0.0
2785,0.0
2786,52.85
2787,232.3
2788,443.65
2789,662.65
2790,821.0
2791,932.65
2792,981.5
2793,944.7
2794,841.15
2795,682.2
2796,474.7
2797,246.55
2798,54.55
2799,0.0
2800,0.0
2801,0.0
2802,0.0
2803,0.0
2804,0.0
2805,0.0
2806,0.0
2807,0.0
2808,0.0
2809,0.0
2810,50.85
2811,242.2
2812,457.0
2813,677.9
2814,824.1
2815,886.5
2816,930.8
2817,923.4
2818,849.9
2819,668.7
2820,472.15
2821,247.65
2822,55.8
2823,0.0
2824,0.0
2825,0.0
2826,0.0
2827,0.0
2828,0.0
2829,0.0
2830,0.0
2831,0.0
2832,0.0
2833,0.0
2834,58.15
2835,250.8
2836,462.05
2837,678.9
2838,852.75
2839,957.3
2840,995.35
2841,961.25
2842,856.4
2843,691.35
2844,482.3
2845,254.05
2846,57.7
2847,0.0
2848,0.0
2849,0.0
2850,0.0
2851,0.0
2852,0.0
2853,0.0
2854,0.0
2855,0.0
2856,0.0
2857,0.0
2858,51.5
2859,238.9
2860,465.25
2861,688.4
2862,849.95
2863,951.65
2864,990.2
2865,957.0
2866,853.05
2867,689.4
2868,481.75
2869,254.6
2870,58.6
2871,0.0
2872,0.0
2873,0.0
2874,0.0
2875,0.0
2876,0.0
2877,0.0
2878,0.0
2879,0.0
2880,0.0
2881,0.0
2882,58.8
2883,238.1
2884,451.05
2885,675.7
2886,827.15
2887,921.85
2888,982.15
2889,946.55
2890,843.45
2891,680.4
2892,474.45
2893,250.6
2894,58.3
2895,0.0
2896,0.0
2897,0.0
2898,0.0
2899,0.0
2900,0.0
2901,0.0
2902,0.0
2903,0.0
2904,0.0
2905,0.0
2906,61.05
2907,252.05
2908,470.85
2909,665.55
2910,832.35
2911,932.85
2912,967.15
2913,930.85
2914,828.45
2915,671.5
2916,470.45
2917,246.4
2918,57.6
2919,0.0
2920,0.0
2921,0.0
2922,0.0
2923,0.0
2924,0.0
2925,0.0
2926,0.0
2927,0.0
2928,0.0
2929,0.0
2930,52.9
2931,227.45
2932,442.85
2933,665.95
2934,830.4
2935,936.1
2936,970.7
2937,936.85
2938,834.0
2939,676.8
2940,477.4
2941,251.35
2942,59.7
2943,0.0
2944,0.0
2945,0.0
2946,0.0
2947,0.0
2948,0.0
2949,0.0
2950,0.0
2951,0.0
2952,0.0
2953,0.0
2954,64.9
2955,256.4
2956,476.75
2957,678.6
2958,836.95
2959,933.3
2960,967.8
2961,932.7
2962,833.05
2963,648.4
2964,431.6
2965,252.2
2966,60.95
2967,0.0
2968,0.0
2969,0.0
2970,0.0
2971,0.0
2972,0.0
2973,0.0
2974,0.0
2975,0.0
2976,0.0
2977,0.0
2978,67.85
2979,263.25
2980,487.1
2981,691.2
2982,851.05
2983,952.85
2984,985.35
2985,948.95
2986,850.15
2987,671.75
2988,473.75
2989,247.45
2990,62.75
2991,0.0
2992,0.0
2993,0.0
2994,0.0
2995,0.0
2996,0.0
2997,0.0
2998,0.0
2999,0.0
3000,0.0
3001,0.0
3002,70.15
3003,268.0
3004,493.2
3005,699.4
3006,862.25
3007,969.15
3008,1005.0
3009,969.25
3010,864.75
3011,699.7
3012,491.45
3013,265.4
3014,66.6
3015,0.0
3016,0.0
3017,0.0
3018,0.0
3019,0.0
3020,0.0
3021,0.0
3022,0.0
3023,0.0
3024,0.0
3025,0.0
3026,72.2
3027,271.0
3028,495.7
3029,699.8
3030,859.15
3031,958.9
3032,992.95
3033,956.7
3034,853.55
3035,692.25
3036,487.45
3037,262.6
3038,66.0
3039,0.0
3040,0.0
3041,0.0
3042,0.0
3043,0.0
3044,0.0
3045,0.0
3046,0.0
3047,0.0
3048,0.0
3049,0.0
3050,65.4
3051,253.2
3052,475.65
3053,679.15
3054,823.1
3055,926.75
3056,982.15
3057,943.25
3058,841.05
3059,684.75
3060,478.7
3061,254.45
3062,63.0
3063,0.0
3064,0.0
3065,0.0
3066,0.0
3067,0.0
3068,0.0
3069,0.0
3070,0.0
3071,0.0
3072,0.0
3073,0.0
3074,66.25
3075,218.2
3076,441.7
3077,655.2
3078,792.25
3079,933.4
3080,977.75
3081,949.3
3082,843.1
3083,685.35
3084,480.0
3085,256.2
3086,63.15
3087,0.0
3088,0.0
3089,0.0
3090,0.0
3091,0.0
3092,0.0
3093,0.0
3094,0.0
3095,0.0
3096,0.0
3097,0.0
3098,62.4
3099,217.5
3100,418.75
3101,672.4
3102,826.45
3103,930.75
3104,966.25
3105,941.6
3106,821.1
3107,680.15
3108,471.3
3109,247.3
3110,60.65
3111,0.0
3112,0.0
3113,0.0
3114,0.0
3115,0.0
3116,0.0
3117,0.0
3118,0.0
3119,0.0
3120,0.0
3121,0.0
3122,59.55
3123,240.7
3124,449.75
3125,577.85
3126,736.45
3127,913.45
3128,974.5
3129,934.65
3130,836.6
3131,677.3
3132,478.25
3133,258.45
3134,66.95
3135,0.0
3136,0.0
3137,0.0
3138,0.0
3139,0.0
3140,0.0
3141,0.0
3142,0.0
3143,0.0
3144,0.0
3145,0.0
3146,67.05
3147,265.1
3148,483.55
3149,690.3
3150,820.25
3151,934.05
3152,971.7
3153,917.9
3154,836.95
3155,672.5
3156,475.05
3157,259.45
3158,68.2
3159,0.0
3160,0.0
3161,0.0
3162,0.0
3163,0.0
3164,0.0
3165,0.0
3166,0.0
3167,0.0
3168,0.0
3169,0.0
3170,64.8
3171,227.45
3172,422.95
3173,645.65
3174,770.2
3175,913.75
3176,962.95
3177,931.1
3178,832.2
3179,675.3
3180,475.75
3181,258.2
3182,67.9
3183,0.0
3184,0.0
3185,0.0
3186,0.0
3187,0.0
3188,0.0
3189,0.0
3190,0.0
3191,0.0
3192,0.0
3193,0.0
3194,68.75
3195,232.55
3196,430.8
3197,662.95
3198,775.7
3199,891.4
3200,956.95
3201,936.8
3202,833.5
3203,665.2
3204,477.05
3205,258.95
3206,69.9
3207,0.0
3208,0.0
3209,0.0
3210,0.0
3211,0.0
3212,0.0
3213,0.0
3214,0.0
3215,0.0
3216,0.0
3217,0.0
3218,65.95
3219,241.45
3220,434.4
3221,614.3
3222,789.95
3223,909.1
3224,933.0
3225,928.6
3226,827.7
3227,675.2
3228,480.45
3229,263.55
3230,72.2
3231,0.0
3232,0.0
3233,0.0
3234,0.0
3235,0.0
3236,0.0
3237,0.0
3238,0.0
3239,0.0
3240,0.0
3241,0.0
3242,70.05
3243,268.0
3244,496.95
3245,690.1
3246,862.2
3247,958.45
3248,992.15
3249,964.5
3250,775.45
3251,574.65
3252,458.35
3253,269.9
3254,75.15
3255,0.0
3256,0.0
3257,0.0
3258,0.0
3259,0.0
3260,0.0
3261,0.0
3262,0.0
3263,0.0
3264,0.0
3265,0.0
3266,79.9
3267,281.25
3268,500.3
3269,697.95
3270,842.3
3271,948.75
3272,986.2
3273,941.55
3274,844.95
3275,686.7
3276,476.1
3277,268.5
3278,74.0
3279,0.0
3280,0.0
3281,0.0
3282,0.0
3283,0.0
3284,0.0
3285,0.0
3286,0.0
3287,0.0
3288,0.0
3289,0.0
3290,75.5
3291,260.8
3292,423.35
3293,622.1
3294,798.35
3295,923.1
3296,968.15
3297,944.9
3298,844.8
3299,667.4
3300,435.4
3301,253.7
3302,75.0
3303,0.0
3304,0.0
3305,0.0
3306,0.0
3307,0.0
3308,0.0
3309,0.0
3310,0.0
3311,0.0
3312,0.0
3313,0.0
3314,81.7
3315,260.0
3316,441.55
3317,699.6
3318,859.65
3319,964.1
3320,1000.1
3321,965.25
3322,863.55
3323,704.5
3324,502.2
3325,279.2
3326,79.7
3327,0.0
3328,0.0
3329,0.0
3330,0.0
3331,0.0
3332,0.0
3333,0.0
3334,0.0
3335,0.0
3336,0.0
3337,0.0
3338,75.7
3339,245.45
3340,475.5
3341,708.45
3342,866.6
3343,965.25
3344,997.55
3345,961.1
3346,859.95
3347,699.75
3348,497.4
3349,275.9
3350,79.05
3351,0.0
3352,0.0
3353,0.0
3354,0.0
3355,0.0
3356,0.0
3357,0.0
3358,0.0
3359,0.0
3360,0.0
3361,0.0
3362,84.55
3363,280.1
3364,492.55
3365,696.95
3366,852.4
3367,949.4
3368,982.05
3369,946.65
3370,846.6
3371,690.25
3372,488.5
3373,271.0
3374,77.6
3375,0.0
3376,0.0
3377,0.0
3378,0.0
3379,0.0
3380,0.0
3381,0.0
3382,0.0
3383,0.0
3384,0.0
3385,0.0
3386,82.6
3387,273.15
3388,488.0
3389,685.0
3390,839.8
3391,932.35
3392,965.45
3393,932.8
3394,836.05
3395,683.0
3396,485.9
3397,268.8
3398,75.4
3399,0.0
3400,0.0
3401,0.0
3402,0.0
3403,0.0
3404,0.0
3405,0.0
3406,0.0
3407,0.0
3408,0.0
3409,0.0
3410,82.45
3411,274.7
3412,490.25
3413,685.95
3414,841.45
3415,940.8
3416,974.5
3417,940.8
3418,842.8
3419,689.35
3420,489.55
3421,270.55
3422,78.85
3423,0.0
3424,0.0
3425,0.0
3426,0.0
3427,0.0
3428,0.0
3429,0.0
3430,0.0
3431,0.0
3432,0.0
3433,0.0
3434,75.2
3435,246.85
3436,484.35
3437,666.9
3438,846.35
3439,909.2
3440,974.35
3441,937.7
3442,841.15
3443,684.9
3444,488.05
3445,270.6
3446,79.75
3447,0.0
3448,0.0
3449,0.0
3450,0.0
3451,0.0
3452,0.0
3453,0.0
3454,0.0
3455,0.0
3456,0.0
3457,0.0
3458,81.5
3459,265.3
3460,481.85
3461,659.4
3462,829.6
3463,921.35
3464,957.55
3465,933.45
3466,833.7
3467,677.7
3468,481.25
3469,267.7
3470,79.45
3471,0.0
3472,0.0
3473,0.0
3474,0.0
3475,0.0
3476,0.0
3477,0.0
3478,0.0
3479,0.0
3480,0.0
3481,0.0
3482,77.55
3483,269.9
3484,484.7
3485,674.05
3486,833.9
3487,908.3
3488,964.8
3489,932.15
3490,834.65
3491,681.0
3492,485.7
3493,272.3
3494,81.6
3495,0.0
3496,0.0
3497,0.0
3498,0.0
3499,0.0
3500,0.0
3501,0.0
3502,0.0
3503,0.0
3504,0.0
3505,0.0
3506,84.45
3507,273.85
3508,488.0
3509,683.0
3510,836.95
3511,932.8
3512,966.75
3513,934.05
3514,835.9
3515,680.9
3516,484.6
3517,271.1
3518,81.6
3519,0.0
3520,0.0
3521,0.0
3522,0.0
3523,0.0
3524,0.0
3525,0.0
3526,0.0
3527,0.0
3528,0.0
3529,0.0
3530,85.05
3531,274.7
3532,486.45
3533,680.6
3534,833.85
3535,929.25
3536,964.6
3537,932.3
3538,833.9
3539,679.25
3540,484.45
3541,271.7
3542,82.3
3543,0.0
3544,0.0
3545,0.0
3546,0.0
3547,0.0
3548,0.0
3549,0.0
3550,0.0
3551,0.0
3552,0.0
3553,0.0
3554,77.6
3555,228.35
3556,449.6
3557,631.75
3558,820.25
3559,933.0
3560,965.85
3561,929.75
3562,834.75
3563,682.2
3564,486.6
3565,269.45
3566,81.4
3567,0.0
3568,0.0
3569,0.0
3570,0.0
3571,0.0
3572,0.0
3573,0.0
3574,0.0
3575,0.0
3576,0.0
3577,0.0
3578,64.25
3579,232.15
3580,413.55
3581,636.05
3582,748.6
3583,855.15
3584,869.8
3585,859.4
3586,787.65
3587,641.3
3588,452.95
3589,231.4
3590,70.4
3591,0.0
3592,0.0
3593,0.0
3594,0.0
3595,0.0
3596,0.0
3597,0.0
3598,0.0
3599,0.0
3600,0.0
3601,0.0
3602,61.75
3603,207.15
3604,414.3
3605,529.1
3606,626.0
3607,766.2
3608,824.7
3609,769.45
3610,703.4
3611,553.4
3612,435.85
3613,231.05
3614,72.55
3615,0.0
3616,0.0
3617,0.0
3618,0.0
3619,0.0
3620,0.0
3621,0.0
3622,0.0
3623,0.0
3624,0.0
3625,0.0
3626,57.85
3627,206.3
3628,397.15
3629,551.25
3630,653.9
3631,838.9
3632,771.8
3633,846.15
3634,703.85
3635,598.65
3636,442.9
3637,245.6
3638,72.45
3639,0.0
3640,0.0
3641,0.0
3642,0.0
3643,0.0
3644,0.0
3645,0.0
3646,0.0
3647,0.0
3648,0.0
3649,0.0
3650,47.8
3651,195.2
3652,376.05
3653,496.7
3654,702.1
3655,719.1
3656,906.35
3657,818.8
3658,789.55
3659,643.7
3660,456.65
3661,262.85
3662,81.4
3663,0.0
3664,0.0
3665,0.0
3666,0.0
3667,0.0
3668,0.0
3669,0.0
3670,0.0
3671,0.0
3672,0.0
3673,0.0
3674,55.7
3675,198.5
3676,371.3
3677,590.6
3678,787.65
3679,884.95
3680,926.0
3681,913.65
3682,818.35
3683,659.7
3684,477.4
3685,266.3
3686,82.65
3687,0.0
3688,0.0
3689,0.0
3690,0.0
3691,0.0
3692,0.0
3693,0.0
3694,0.0
3695,0.0
3696,0.0
3697,0.0
3698,72.05
3699,223.25
3700,418.4
3701,607.9
3702,783.05
3703,893.5
3704,941.05
3705,896.45
3706,809.9
3707,662.9
3708,456.4
3709,235.75
3710,77.5
3711,0.0
3712,0.0
3713,0.0
3714,0.0
3715,0.0
3716,0.0
3717,0.0
3718,0.0
3719,0.0
3720,0.0
3721,0.0
3722,67.55
3723,246.25
3724,416.95
3725,638.8
3726,770.65
3727,853.4
3728,936.35
3729,905.4
3730,816.0
3731,662.55
3732,475.95
3733,263.0
3734,84.75
3735,0.0
3736,0.0
3737,0.0
3738,0.0
3739,0.0
3740,0.0
3741,0.0
3742,0.0
3743,0.0
3744,0.0
3745,0.0
3746,59.8
3747,223.0
3748,399.35
3749,583.65
3750,689.45
3751,794.2
3752,823.55
3753,852.45
3754,788.7
3755,644.25
3756,467.75
3757,259.85
3758,81.35
3759,0.0
3760,0.0
3761,0.0
3762,0.0
3763,0.0
3764,0.0
3765,0.0
3766,0.0
3767,0.0
3768,0.0
3769,0.0
3770,73.75
3771,251.45
3772,428.8
3773,603.6
3774,786.7
3775,855.6
3776,902.9
3777,824.8
3778,795.75
3779,656.7
3780,466.6
3781,264.5
3782,84.85
3783,0.0
3784,0.0
3785,0.0
3786,0.0
3787,0.0
3788,0.0
3789,0.0
3790,0.0
3791,0.0
3792,0.0
3793,0.0
3794,65.95
3795,178.0
3796,379.85
3797,591.5
3798,697.5
3799,888.8
3800,910.15
3801,896.3
3802,804.65
3803,656.75
3804,467.5
3805,264.3
3806,83.6
3807,0.0
3808,0.0
3809,0.0
3810,0.0
3811,0.0
3812,0.0
3813,0.0
3814,0.0
3815,0.0
3816,0.0
3817,0.0
3818,70.0
3819,206.25
3820,431.7
3821,559.0
3822,766.85
3823,856.25
3824,878.8
3825,867.4
3826,792.7
3827,650.35
3828,457.95
3829,259.6
3830,84.25
3831,0.0
3832,0.0
3833,0.0
3834,0.0
3835,0.0
3836,0.0
3837,0.0
3838,0.0
3839,0.0
3840,0.0
3841,0.0
3842,69.85
3843,229.55
3844,422.9
3845,552.65
3846,696.8
3847,780.85
3848,843.05
3849,762.35
3850,730.0
3851,618.75
3852,437.95
3853,237.05
3854,72.6
3855,0.0
3856,0.0
3857,0.0
3858,0.0
3859,0.0
3860,0.0
3861,0.0
3862,0.0
3863,0.0
3864,0.0
3865,0.0
3866,63.0
3867,221.65
3868,329.7
3869,527.95
3870,528.9
3871,728.6
3872,836.95
3873,834.9
3874,757.5
3875,636.6
3876,415.55
3877,256.15
3878,79.7
3879,0.0
3880,0.0
3881,0.0
3882,0.0
3883,0.0
3884,0.0
3885,0.0
3886,0.0
3887,0.0
3888,0.0
3889,0.0
3890,58.65
3891,212.3
3892,432.15
3893,501.1
3894,668.65
3895,809.75
3896,848.25
3897,842.1
3898,793.45
3899,654.05
3900,469.1
3901,266.2
3902,88.15
3903,0.0
3904,0.0
3905,0.0
3906,0.0
3907,0.0
3908,0.0
3909,0.0
3910,0.0
3911,0.0
3912,0.0
3913,0.0
3914,69.4
3915,230.2
3916,396.95
3917,589.0
3918,801.8
3919,886.9
3920,936.35
3921,906.4
3922,813.6
3923,664.35
3924,476.05
3925,265.8
3926,89.25
3927,0.0
3928,0.0
3929,0.0
3930,0.0
3931,0.0
3932,0.0
3933,0.0
3934,0.0
3935,0.0
3936,0.0
3937,0.0
3938,72.4
3939,242.55
3940,448.4
3941,621.05
3942,782.7
3943,874.8
3944,936.05
3945,905.5
3946,817.3
3947,637.75
3948,476.45
3949,269.8
3950,85.8
3951,0.0
3952,0.0
3953,0.0
3954,0.0
3955,0.0
3956,0.0
3957,0.0
3958,0.0
3959,0.0
3960,0.0
3961,0.0
3962,74.05
3963,245.35
3964,454.35
3965,634.75
3966,799.3
3967,897.8
3968,935.9
3969,907.05
3970,814.7
3971,667.8
3972,468.4
3973,229.1
3974,86.4
3975,0.0
3976,0.0
3977,0.0
3978,0.0
3979,0.0
3980,0.0
3981,0.0
3982,0.0
3983,0.0
3984,0.0
3985,0.0
3986,70.8
3987,231.25
3988,441.55
3989,616.35
3990,768.55
3991,875.5
3992,927.8
3993,895.1
3994,814.7
3995,667.55
3996,479.35
3997,272.7
3998,91.6
3999,0.0
4000,0.0
4001,0.0
4002,0.0
4003,0.0
4004,0.0
4005,0.0
4006,0.0
4007,0.0
4008,0.0
4009,0.0
4010,58.3
4011,201.5
4012,375.6
4013,565.9
4014,686.85
4015,833.2
4016,930.6
4017,902.05
4018,811.0
4019,657.65
4020,474.45
4021,265.6
4022,85.8
4023,0.0
4024,0.0
4025,0.0
4026,0.0
4027,0.0
4028,0.0
4029,0.0
4030,0.0
4031,0.0
4032,0.0
4033,0.0
4034,64.35
4035,214.75
4036,413.5
4037,615.35
4038,756.0
4039,893.3
4040,933.85
4041,897.65
4042,806.7
4043,658.15
4044,474.35
4045,270.2
4046,90.0
4047,0.0
4048,0.0
4049,0.0
4050,0.0
4051,0.0
4052,0.0
4053,0.0
4054,0.0
4055,0.0
4056,0.0
4057,0.0
4058,65.0
4059,219.7
4060,422.6
4061,629.2
4062,785.2
4063,880.2
4064,920.95
4065,896.85
4066,802.85
4067,645.25
4068,461.9
4069,267.85
4070,89.85
4071,0.0
4072,0.0
4073,0.0
4074,0.0
4075,0.0
4076,0.0
4077,0.0
4078,0.0
4079,0.0
4080,0.0
4081,0.0
4082,64.2
4083,239.6
4084,422.75
4085,565.6
4086,648.35
4087,770.6
4088,821.5
4089,826.7
4090,738.9
4091,634.4
4092,439.75
4093,267.55
4094,88.0
4095,0.0
4096,0.0
4097,0.0
4098,0.0
4099,0.0
4100,0.0
4101,0.0
4102,0.0
4103,0.0
4104,0.0
4105,0.0
4106,67.25
4107,225.85
4108,393.8
4109,587.65
4110,715.2
4111,856.65
4112,909.85
4113,856.35
4114,765.6
4115,630.65
4116,456.05
4117,257.75
4118,89.1
4119,0.0
4120,0.0
4121,0.0
4122,0.0
4123,0.0
4124,0.0
4125,0.0
4126,0.0
4127,0.0
4128,0.0
4129,0.0
4130,66.4
4131,222.0
4132,410.0
4133,618.95
4134,775.3
4135,880.3
4136,923.75
4137,882.05
4138,796.65
4139,653.6
4140,471.35
4141,271.2
4142,91.25
4143,0.0
4144,0.0
4145,0.0
4146,0.0
4147,0.0
4148,0.0
4149,0.0
4150,0.0
4151,0.0
4152,0.0
4153,0.0
4154,48.9
4155,208.6
4156,397.25
4157,529.1
4158,693.9
4159,790.95
4160,871.65
4161,799.45
4162,767.5
4163,620.7
4164,410.4
4165,224.7
4166,70.65
4167,0.0
4168,0.0
4169,0.0
4170,0.0
4171,0.0
4172,0.0
4173,0.0
4174,0.0
4175,0.0
4176,0.0
4177,0.0
4178,57.35
4179,198.1
4180,363.8
4181,592.5
4182,663.0
4183,846.6
4184,788.15
4185,838.8
4186,728.65
4187,631.65
4188,457.4
4189,260.4
4190,88.45
4191,0.0
4192,0.0
4193,0.0
4194,0.0
4195,0.0
4196,0.0
4197,0.0
4198,0.0
4199,0.0
4200,0.0
4201,0.0
4202,54.6
4203,182.9
4204,354.1
4205,517.15
4206,683.85
4207,845.55
4208,882.3
4209,818.1
4210,777.0
4211,632.1
4212,458.15
4213,261.2
4214,88.55
4215,0.0
4216,0.0
4217,0.0
4218,0.0
4219,0.0
4220,0.0
4221,0.0
4222,0.0
4223,0.0
4224,0.0
4225,0.0
4226,58.7
4227,215.5
4228,396.65
4229,519.0
4230,697.45
4231,761.75
4232,849.15
4233,804.15
4234,767.0
4235,627.15
4236,450.5
4237,236.35
4238,81.0
4239,0.0
4240,0.0
4241,0.0
4242,0.0
4243,0.0
4244,0.0
4245,0.0
4246,0.0
4247,0.0
4248,0.0
4249,0.0
4250,59.1
4251,185.7
4252,323.45
4253,493.95
4254,621.9
4255,728.8
4256,754.25
4257,694.6
4258,687.75
4259,539.15
4260,370.85
4261,222.8
4262,66.7
4263,0.0
4264,0.0
4265,0.0
4266,0.0
4267,0.0
4268,0.0
4269,0.0
4270,0.0
4271,0.0
4272,0.0
4273,0.0
4274,60.85
4275,214.35
4276,392.45
4277,589.75
4278,665.6
4279,822.2
4280,746.7
4281,740.4
4282,645.95
4283,623.25
4284,432.8
4285,255.5
4286,83.55
4287,0.0
4288,0.0
4289,0.0
4290,0.0
4291,0.0
4292,0.0
4293,0.0
4294,0.0
4295,0.0
4296,0.0
4297,0.0
4298,50.8
4299,168.25
4300,300.05
4301,495.5
4302,603.6
4303,646.55
4304,626.8
4305,637.05
4306,503.05
4307,471.65
4308,311.0
4309,197.85
4310,75.8
4311,0.0
4312,0.0
4313,0.0
4314,0.0
4315,0.0
4316,0.0
4317,0.0
4318,0.0
4319,0.0
4320,0.0
4321,0.0
4322,61.1
4323,191.5
4324,387.05
4325,549.4
4326,667.75
4327,768.2
4328,818.25
4329,822.85
4330,728.6
4331,621.85
4332,466.2
4333,253.75
4334,89.9
4335,0.0
4336,0.0
4337,0.0
4338,0.0
4339,0.0
4340,0.0
4341,0.0
4342,0.0
4343,0.0
4344,0.0
4345,0.0
4346,62.35
4347,222.9
4348,416.45
4349,603.75
4350,755.85
4351,854.05
4352,893.95
4353,867.55
4354,776.85
4355,632.7
4356,413.1
4357,227.15
4358,77.4
4359,0.0
4360,0.0
4361,0.0
4362,0.0
4363,0.0
4364,0.0
4365,0.0
4366,0.0
4367,0.0
4368,0.0
4369,0.0
4370,52.55
4371,180.0
4372,291.8
4373,547.75
4374,689.65
4375,766.5
4376,858.0
4377,840.65
4378,766.0
4379,567.9
4380,378.25
4381,205.8
4382,68.35
4383,0.0
4384,0.0
4385,0.0
4386,0.0
4387,0.0
4388,0.0
4389,0.0
4390,0.0
4391,0.0
4392,0.0
4393,0.0
4394,45.0
4395,169.15
4396,398.2
4397,482.85
4398,696.6
4399,829.95
4400,882.6
4401,870.4
4402,777.95
4403,644.7
4404,459.3
4405,265.0
4406,90.1
4407,0.0
4408,0.0
4409,0.0
4410,0.0
4411,0.0
4412,0.0
4413,0.0
4414,0.0
4415,0.0
4416,0.0
4417,0.0
4418,60.7
4419,202.95
4420,372.65
4421,525.35
4422,717.7
4423,815.75
4424,829.5
4425,851.8
4426,768.7
4427,619.15
4428,459.6
4429,257.15
4430,81.75
4431,0.0
4432,0.0
4433,0.0
4434,0.0
4435,0.0
4436,0.0
4437,0.0
4438,0.0
4439,0.0
4440,0.0
4441,0.0
4442,53.45
4443,196.45
4444,353.6
4445,449.9
4446,502.35
4447,780.2
4448,763.1
4449,729.3
4450,618.7
4451,484.1
4452,418.7
4453,226.25
4454,79.75
4455,0.0
4456,0.0
4457,0.0
4458,0.0
4459,0.0
4460,0.0
4461,0.0
4462,0.0
4463,0.0
4464,0.0
4465,0.0
4466,50.6
4467,182.4
4468,377.7
4469,584.4
4470,707.1
4471,817.9
4472,827.75
4473,823.45
4474,702.5
4475,531.0
4476,430.15
4477,245.25
4478,81.25
4479,0.0
4480,0.0
4481,0.0
4482,0.0
4483,0.0
4484,0.0
4485,0.0
4486,0.0
4487,0.0
4488,0.0
4489,0.0
4490,50.9
4491,179.0
4492,335.15
4493,434.0
4494,463.3
4495,579.95
4496,545.55
4497,375.05
4498,211.95
4499,115.7
4500,83.95
4501,39.55
4502,15.8
4503,0.0
4504,0.0
4505,0.0
4506,0.0
4507,0.0
4508,0.0
4509,0.0
4510,0.0
4511,0.0
4512,0.0
4513,0.0
4514,5.5
4515,20.55
4516,38.3
4517,83.3
4518,96.95
4519,256.55
4520,217.85
4521,197.95
4522,232.75
4523,168.7
4524,117.8
4525,56.15
4526,31.3
4527,0.0
4528,0.0
4529,0.0
4530,0.0
4531,0.0
4532,0.0
4533,0.0
4534,0.0
4535,0.0
4536,0.0
4537,0.0
4538,46.5
4539,119.25
4540,187.95
4541,330.8
4542,436.6
4543,602.1
4544,689.95
4545,573.05
4546,434.2
4547,403.15
4548,322.55
4549,187.5
4550,73.25
4551,0.0
4552,0.0
4553,0.0
4554,0.0
4555,0.0
4556,0.0
4557,0.0
4558,0.0
4559,0.0
4560,0.0
4561,0.0
4562,54.3
4563,207.65
4564,396.55
4565,551.55
4566,748.9
4567,719.55
4568,743.95
4569,721.85
4570,505.85
4571,488.15
4572,398.3
4573,232.3
4574,84.0
4575,0.0
4576,0.0
4577,0.0
4578,0.0
4579,0.0
4580,0.0
4581,0.0
4582,0.0
4583,0.0
4584,0.0
4585,0.0
4586,48.4
4587,188.5
4588,350.75
4589,491.95
4590,574.55
4591,696.3
4592,715.0
4593,831.35
4594,663.85
4595,528.3
4596,367.0
4597,178.75
4598,57.35
4599,0.0
4600,0.0
4601,0.0
4602,0.0
4603,0.0
4604,0.0
4605,0.0
4606,0.0
4607,0.0
4608,0.0
4609,0.0
4610,43.25
4611,186.65
4612,305.05
4613,479.95
4614,568.3
4615,673.55
4616,628.65
4617,691.55
4618,534.3
4619,422.95
4620,363.15
4621,203.55
4622,68.3
4623,0.0
4624,0.0
4625,0.0
4626,0.0
4627,0.0
4628,0.0
4629,0.0
4630,0.0
4631,0.0
4632,0.0
4633,0.0
4634,43.45
4635,187.95
4636,350.6
4637,471.35
4638,569.35
4639,609.45
4640,723.3
4641,629.1
4642,578.0
4643,463.25
4644,346.25
4645,206.35
4646,79.3
4647,0.0
4648,0.0
4649,0.0
4650,0.0
4651,0.0
4652,0.0
4653,0.0
4654,0.0
4655,0.0
4656,0.0
4657,0.0
4658,43.0
4659,156.2
4660,287.15
4661,551.95
4662,697.0
4663,761.15
4664,787.55
4665,786.35
4666,672.2
4667,571.65
4668,450.35
4669,251.7
4670,84.5
4671,0.0
4672,0.0
4673,0.0
4674,0.0
4675,0.0
4676,0.0
4677,0.0
4678,0.0
4679,0.0
4680,0.0
4681,0.0
4682,44.7
4683,149.7
4684,267.25
4685,476.75
4686,518.35
4687,599.15
4688,704.8
4689,682.5
4690,583.6
4691,508.3
4692,395.3
4693,249.85
4694,83.95
4695,0.0
4696,0.0
4697,0.0
4698,0.0
4699,0.0
4700,0.0
4701,0.0
4702,0.0
4703,0.0
4704,0.0
4705,0.0
4706,39.85
4707,188.85
4708,382.95
4709,572.85
4710,709.85
4711,792.45
4712,877.85
4713,851.8
4714,704.1
4715,552.95
4716,328.1
4717,174.75
4718,50.15
4719,0.0
4720,0.0
4721,0.0
4722,0.0
4723,0.0
4724,0.0
4725,0.0
4726,0.0
4727,0.0
4728,0.0
4729,0.0
4730,18.4
4731,78.8
4732,103.25
4733,168.4
4734,582.0
4735,773.0
4736,759.7
4737,673.65
4738,690.65
4739,396.95
4740,265.0
4741,175.45
4742,69.75
4743,0.0
4744,0.0
4745,0.0
4746,0.0
4747,0.0
4748,0.0
4749,0.0
4750,0.0
4751,0.0
4752,0.0
4753,0.0
4754,45.65
4755,192.05
4756,381.95
4757,569.3
4758,723.55
4759,830.45
4760,817.4
4761,807.25
4762,690.85
4763,604.75
4764,422.6
4765,246.8
4766,64.95
4767,0.0
4768,0.0
4769,0.0
4770,0.0
4771,0.0
4772,0.0
4773,0.0
4774,0.0
4775,0.0
4776,0.0
4777,0.0
4778,42.95
4779,165.55
4780,323.3
4781,500.55
4782,649.45
4783,742.65
4784,670.0
4785,780.05
4786,728.45
4787,596.25
4788,391.3
4789,213.65
4790,76.35
4791,0.0
4792,0.0
4793,0.0
4794,0.0
4795,0.0
4796,0.0
4797,0.0
4798,0.0
4799,0.0
4800,0.0
4801,0.0
4802,38.25
4803,159.35
4804,336.25
4805,426.3
4806,583.5
4807,711.7
4808,795.95
4809,780.6
4810,614.0
4811,412.25
4812,330.2
4813,168.35
4814,71.35
4815,0.0
4816,0.0
4817,0.0
4818,0.0
4819,0.0
4820,0.0
4821,0.0
4822,0.0
4823,0.0
4824,0.0
4825,0.0
4826,37.95
4827,166.1
4828,311.75
4829,429.9
4830,627.5
4831,666.9
4832,801.35
4833,794.75
4834,660.4
4835,536.65
4836,418.3
4837,214.9
4838,69.3
4839,0.0
4840,0.0
4841,0.0
4842,0.0
4843,0.0
4844,0.0
4845,0.0
4846,0.0
4847,0.0
4848,0.0
4849,0.0
4850,39.5
4851,178.7
4852,334.1
4853,455.15
4854,636.85
4855,677.45
4856,774.55
4857,661.45
4858,651.8
4859,550.4
4860,401.3
4861,236.2
4862,79.4
4863,0.0
4864,0.0
4865,0.0
4866,0.0
4867,0.0
4868,0.0
4869,0.0
4870,0.0
4871,0.0
4872,0.0
4873,0.0
4874,35.55
4875,165.3
4876,329.15
4877,453.2
4878,703.85
4879,752.7
4880,834.0
4881,788.25
4882,710.05
4883,555.7
4884,390.9
4885,219.8
4886,73.55
4887,0.0
4888,0.0
4889,0.0
4890,0.0
4891,0.0
4892,0.0
4893,0.0
4894,0.0
4895,0.0
4896,0.0
4897,0.0
4898,32.4
4899,163.6
4900,326.95
4901,520.1
4902,681.2
4903,811.55
4904,839.5
4905,785.85
4906,766.55
4907,568.4
4908,425.35
4909,235.85
4910,68.25
4911,0.0
4912,0.0
4913,0.0
4914,0.0
4915,0.0
4916,0.0
4917,0.0
4918,0.0
4919,0.0
4920,0.0
4921,0.0
4922,36.8
4923,149.65
4924,341.35
4925,498.2
4926,693.35
4927,744.7
4928,805.55
4929,792.7
4930,627.9
4931,615.4
4932,421.9
4933,213.15
4934,67.75
4935,0.0
4936,0.0
4937,0.0
4938,0.0
4939,0.0
4940,0.0
4941,0.0
4942,0.0
4943,0.0
4944,0.0
4945,0.0
4946,29.7
4947,130.95
4948,250.15
4949,460.85
4950,551.35
4951,449.2
4952,487.65
4953,470.15
4954,494.5
4955,429.2
4956,328.9
4957,174.3
4958,45.15
4959,0.0
4960,0.0
4961,0.0
4962,0.0
4963,0.0
4964,0.0
4965,0.0
4966,0.0
4967,0.0
4968,0.0
4969,0.0
4970,32.9
4971,164.2
4972,304.1
4973,410.1
4974,625.45
4975,657.6
4976,743.3
4977,677.7
4978,734.25
4979,559.8
4980,419.0
4981,233.05
4982,73.25
4983,0.0
4984,0.0
4985,0.0
4986,0.0
4987,0.0
4988,0.0
4989,0.0
4990,0.0
4991,0.0
4992,0.0
4993,0.0
4994,30.25
4995,134.05
4996,303.95
4997,506.25
4998,548.65
4999,711.6
5000,708.25
5001,717.05
5002,647.3
5003,556.4
5004,396.0
5005,194.95
5006,57.95
5007,0.0
5008,0.0
5009,0.0
5010,0.0
5011,0.0
5012,0.0
5013,0.0
5014,0.0
5015,0.0
5016,0.0
5017,0.0
5018,28.65
5019,145.9
5020,282.8
5021,356.75
5022,529.1
5023,595.75
5024,539.35
5025,696.05
5026,597.75
5027,457.35
5028,325.05
5029,185.25
5030,57.85
5031,0.0
5032,0.0
5033,0.0
5034,0.0
5035,0.0
5036,0.0
5037,0.0
5038,0.0
5039,0.0
5040,0.0
5041,0.0
5042,26.45
5043,135.1
5044,288.4
5045,517.5
5046,611.85
5047,639.25
5048,671.4
5049,642.8
5050,660.2
5051,449.7
5052,280.95
5053,171.6
5054,50.9
5055,0.0
5056,0.0
5057,0.0
5058,0.0
5059,0.0
5060,0.0
5061,0.0
5062,0.0
5063,0.0
5064,0.0
5065,0.0
5066,31.56
5067,168.4
5068,360.1
5069,547.7
5070,695.5
5071,814.15
5072,835.95
5073,823.25
5074,730.65
5075,591.95
5076,433.15
5077,230.55
5078,70.85
5079,0.0
5080,0.0
5081,0.0
5082,0.0
5083,0.0
5084,0.0
5085,0.0
5086,0.0
5087,0.0
5088,0.0
5089,0.0
5090,29.16
5091,144.35
5092,348.7
5093,544.45
5094,681.75
5095,795.4
5096,871.85
5097,839.7
5098,752.5
5099,557.95
5100,428.65
5101,225.8
5102,68.0
5103,0.0
5104,0.0
5105,0.0
5106,0.0
5107,0.0
5108,0.0
5109,0.0
5110,0.0
5111,0.0
5112,0.0
5113,0.0
5114,30.58
5115,140.55
5116,323.65
5117,493.25
5118,658.35
5119,729.55
5120,818.2
5121,773.9
5122,724.85
5123,545.65
5124,401.3
5125,200.7
5126,66.7
5127,0.0
5128,0.0
5129,0.0
5130,0.0
5131,0.0
5132,0.0
5133,0.0
5134,0.0
5135,0.0
5136,0.0
5137,0.0
5138,33.23
5139,168.3
5140,362.5
5141,536.35
5142,668.15
5143,781.75
5144,857.95
5145,840.55
5146,725.15
5147,595.85
5148,423.1
5149,225.65
5150,64.75
5151,0.0
5152,0.0
5153,0.0
5154,0.0
5155,0.0
5156,0.0
5157,0.0
5158,0.0
5159,0.0
5160,0.0
5161,0.0
5162,28.5
5163,168.1
5164,310.15
5165,504.3
5166,533.4
5167,603.65
5168,707.15
5169,672.15
5170,568.95
5171,435.65
5172,328.75
5173,183.3
5174,63.3
5175,0.0
5176,0.0
5177,0.0
5178,0.0
5179,0.0
5180,0.0
5181,0.0
5182,0.0
5183,0.0
5184,0.0
5185,0.0
5186,28.27
5187,161.3
5188,335.75
5189,532.5
5190,677.75
5191,828.95
5192,858.3
5193,851.5
5194,739.25
5195,608.7
5196,425.3
5197,235.3
5198,66.95
5199,0.0
5200,0.0
5201,0.0
5202,0.0
5203,0.0
5204,0.0
5205,0.0
5206,0.0
5207,0.0
5208,0.0
5209,0.0
5210,30.09
5211,160.65
5212,357.0
5213,537.4
5214,684.7
5215,738.0
5216,800.7
5217,740.9
5218,632.6
5219,424.25
5220,239.2
5221,77.0
5222,24.25
5223,0.0
5224,0.0
5225,0.0
5226,0.0
5227,0.0
5228,0.0
5229,0.0
5230,0.0
5231,0.0
5232,0.0
5233,0.0
5234,21.06
5235,91.05
5236,155.2
5237,206.25
5238,280.55
5239,362.95
5240,370.9
5241,396.2
5242,323.85
5243,173.95
5244,181.9
5245,138.7
5246,26.55
5247,0.0
5248,0.0
5249,0.0
5250,0.0
5251,0.0
5252,0.0
5253,0.0
5254,0.0
5255,0.0
5256,0.0
5257,0.0
5258,28.0
5259,124.7
5260,248.35
5261,428.7
5262,647.9
5263,563.05
5264,417.1
5265,421.25
5266,389.2
5267,305.35
5268,256.65
5269,89.9
5270,40.55
5271,0.0
5272,0.0
5273,0.0
5274,0.0
5275,0.0
5276,0.0
5277,0.0
5278,0.0
5279,0.0
5280,0.0
5281,0.0
5282,22.03
5283,118.2
5284,285.3
5285,409.8
5286,546.85
5287,684.8
5288,763.3
5289,737.65
5290,622.1
5291,444.5
5292,372.6
5293,200.15
5294,55.05
5295,0.0
5296,0.0
5297,0.0
5298,0.0
5299,0.0
5300,0.0
5301,0.0
5302,0.0
5303,0.0
5304,0.0
5305,0.0
5306,25.91
5307,118.25
5308,305.85
5309,518.85
5310,618.15
5311,664.2
5312,769.2
5313,776.2
5314,640.5
5315,536.65
5316,371.25
5317,208.55
5318,55.15
5319,0.0
5320,0.0
5321,0.0
5322,0.0
5323,0.0
5324,0.0
5325,0.0
5326,0.0
5327,0.0
5328,0.0
5329,0.0
5330,23.27
5331,112.9
5332,288.15
5333,451.7
5334,582.75
5335,727.45
5336,690.4
5337,681.35
5338,656.6
5339,534.7
5340,374.85
5341,169.0
5342,46.1
5343,0.0
5344,0.0
5345,0.0
5346,0.0
5347,0.0
5348,0.0
5349,0.0
5350,0.0
5351,0.0
5352,0.0
5353,0.0
5354,26.36
5355,134.2
5356,248.25
5357,334.4
5358,458.75
5359,683.25
5360,576.15
5361,673.0
5362,495.25
5363,394.75
5364,320.45
5365,152.4
5366,48.4
5367,0.0
5368,0.0
5369,0.0
5370,0.0
5371,0.0
5372,0.0
5373,0.0
5374,0.0
5375,0.0
5376,0.0
5377,0.0
5378,23.39
5379,118.35
5380,272.5
5381,408.85
5382,535.8
5383,704.85
5384,621.3
5385,685.6
5386,537.35
5387,484.05
5388,358.35
5389,172.0
5390,45.5
5391,0.0
5392,0.0
5393,0.0
5394,0.0
5395,0.0
5396,0.0
5397,0.0
5398,0.0
5399,0.0
5400,0.0
5401,0.0
5402,24.12
5403,148.1
5404,305.4
5405,459.3
5406,678.85
5407,796.15
5408,750.05
5409,740.9
5410,633.5
5411,498.45
5412,393.7
5413,181.95
5414,50.3
5415,0.0
5416,0.0
5417,0.0
5418,0.0
5419,0.0
5420,0.0
5421,0.0
5422,0.0
5423,0.0
5424,0.0
5425,0.0
5426,23.35
5427,142.8
5428,320.35
5429,420.85
5430,493.6
5431,747.45
5432,697.25
5433,637.9
5434,530.35
5435,479.3
5436,285.1
5437,175.25
5438,40.3
5439,0.0
5440,0.0
5441,0.0
5442,0.0
5443,0.0
5444,0.0
5445,0.0
5446,0.0
5447,0.0
5448,0.0
5449,0.0
5450,10.89
5451,86.3
5452,229.35
5453,334.95
5454,495.15
5455,773.6
5456,698.2
5457,681.75
5458,570.3
5459,494.2
5460,305.7
5461,150.55
5462,39.9
5463,0.0
5464,0.0
5465,0.0
5466,0.0
5467,0.0
5468,0.0
5469,0.0
5470,0.0
5471,0.0
5472,0.0
5473,0.0
5474,21.91
5475,139.15
5476,307.5
5477,501.25
5478,497.75
5479,772.7
5480,777.95
5481,701.8
5482,586.5
5483,532.85
5484,329.3
5485,160.75
5486,37.7
5487,0.0
5488,0.0
5489,0.0
5490,0.0
5491,0.0
5492,0.0
5493,0.0
5494,0.0
5495,0.0
5496,0.0
5497,0.0
5498,18.32
5499,129.65
5500,304.15
5501,489.6
5502,563.9
5503,550.65
5504,544.9
5505,475.85
5506,463.8
5507,440.5
5508,317.85
5509,174.05
5510,40.6
5511,0.0
5512,0.0
5513,0.0
5514,0.0
5515,0.0
5516,0.0
5517,0.0
5518,0.0
5519,0.0
5520,0.0
5521,0.0
5522,21.44
5523,142.95
5524,276.8
5525,423.65
5526,523.75
5527,557.55
5528,581.45
5529,662.4
5530,615.85
5531,480.9
5532,344.2
5533,178.15
5534,36.75
5535,0.0
5536,0.0
5537,0.0
5538,0.0
5539,0.0
5540,0.0
5541,0.0
5542,0.0
5543,0.0
5544,0.0
5545,0.0
5546,16.21
5547,131.9
5548,286.45
5549,406.45
5550,599.8
5551,613.5
5552,575.9
5553,614.25
5554,523.1
5555,472.0
5556,285.2
5557,147.2
5558,34.3
5559,0.0
5560,0.0
5561,0.0
5562,0.0
5563,0.0
5564,0.0
5565,0.0
5566,0.0
5567,0.0
5568,0.0
5569,0.0
5570,23.42
5571,139.45
5572,319.4
5573,514.2
5574,666.0
5575,793.1
5576,814.9
5577,765.95
5578,697.8
5579,438.0
5580,306.8
5581,116.8
5582,24.4
5583,0.0
5584,0.0
5585,0.0
5586,0.0
5587,0.0
5588,0.0
5589,0.0
5590,0.0
5591,0.0
5592,0.0
5593,0.0
5594,20.85
5595,111.8
5596,231.0
5597,176.35
5598,353.3
5599,566.65
5600,500.3
5601,489.75
5602,548.9
5603,522.1
5604,338.05
5605,157.5
5606,30.3
5607,0.0
5608,0.0
5609,0.0
5610,0.0
5611,0.0
5612,0.0
5613,0.0
5614,0.0
5615,0.0
5616,0.0
5617,0.0
5618,23.17
5619,140.8
5620,324.15
5621,505.25
5622,651.65
5623,750.9
5624,717.9
5625,676.7
5626,609.85
5627,417.0
5628,242.2
5629,96.75
5630,29.4
5631,0.0
5632,0.0
5633,0.0
5634,0.0
5635,0.0
5636,0.0
5637,0.0
5638,0.0
5639,0.0
5640,0.0
5641,0.0
5642,15.34
5643,85.65
5644,183.9
5645,308.2
5646,335.8
5647,568.3
5648,620.9
5649,520.15
5650,479.4
5651,318.65
5652,160.15
5653,125.25
5654,26.51
5655,0.0
5656,0.0
5657,0.0
5658,0.0
5659,0.0
5660,0.0
5661,0.0
5662,0.0
5663,0.0
5664,0.0
5665,0.0
5666,9.8
5667,56.85
5668,198.35
5669,232.85
5670,263.5
5671,90.1
5672,47.9
5673,74.0
5674,89.6
5675,131.2
5676,119.8
5677,49.25
5678,16.58
5679,0.0
5680,0.0
5681,0.0
5682,0.0
5683,0.0
5684,0.0
5685,0.0
5686,0.0
5687,0.0
5688,0.0
5689,0.0
5690,15.55
5691,86.95
5692,200.8
5693,326.6
5694,489.6
5695,571.55
5696,530.15
5697,508.65
5698,524.0
5699,351.7
5700,228.65
5701,129.65
5702,21.49
5703,0.0
5704,0.0
5705,0.0
5706,0.0
5707,0.0
5708,0.0
5709,0.0
5710,0.0
5711,0.0
5712,0.0
5713,0.0
5714,6.21
5715,51.45
5716,147.2
5717,218.3
5718,351.45
5719,185.0
5720,196.15
5721,234.35
5722,250.25
5723,133.35
5724,64.15
5725,39.4
5726,7.8
5727,0.0
5728,0.0
5729,0.0
5730,0.0
5731,0.0
5732,0.0
5733,0.0
5734,0.0
5735,0.0
5736,0.0
5737,0.0
5738,11.02
5739,100.55
5740,276.2
5741,455.35
5742,621.05
5743,584.5
5744,735.1
5745,653.2
5746,492.5
5747,421.6
5748,261.3
5749,117.85
5750,21.76
5751,0.0
5752,0.0
5753,0.0
5754,0.0
5755,0.0
5756,0.0
5757,0.0
5758,0.0
5759,0.0
5760,0.0
5761,0.0
5762,21.23
5763,152.1
5764,350.55
5765,536.5
5766,689.5
5767,787.3
5768,784.7
5769,703.7
5770,640.6
5771,538.2
5772,361.5
5773,169.5
5774,28.99
5775,0.0
5776,0.0
5777,0.0
5778,0.0
5779,0.0
5780,0.0
5781,0.0
5782,0.0
5783,0.0
5784,0.0
5785,0.0
5786,21.49
5787,130.8
5788,290.2
5789,438.4
5790,615.75
5791,793.15
5792,816.6
5793,733.4
5794,622.1
5795,452.3
5796,295.05
5797,132.0
5798,23.35
5799,0.0
5800,0.0
5801,0.0
5802,0.0
5803,0.0
5804,0.0
5805,0.0
5806,0.0
5807,0.0
5808,0.0
5809,0.0
5810,16.6
5811,108.25
5812,204.9
5813,329.6
5814,362.25
5815,334.5
5816,398.1
5817,357.45
5818,263.15
5819,209.9
5820,130.95
5821,51.6
5822,9.09
5823,0.0
5824,0.0
5825,0.0
5826,0.0
5827,0.0
5828,0.0
5829,0.0
5830,0.0
5831,0.0
5832,0.0
5833,0.0
5834,18.42
5835,148.0
5836,327.75
5837,436.05
5838,651.25
5839,666.95
5840,706.2
5841,666.55
5842,508.8
5843,439.65
5844,296.05
5845,165.85
5846,22.91
5847,0.0
5848,0.0
5849,0.0
5850,0.0
5851,0.0
5852,0.0
5853,0.0
5854,0.0
5855,0.0
5856,0.0
5857,0.0
5858,18.35
5859,137.55
5860,317.4
5861,453.5
5862,681.6
5863,673.25
5864,770.1
5865,645.55
5866,599.1
5867,530.25
5868,318.75
5869,162.45
5870,25.63
5871,0.0
5872,0.0
5873,0.0
5874,0.0
5875,0.0
5876,0.0
5877,0.0
5878,0.0
5879,0.0
5880,0.0
5881,0.0
5882,18.3
5883,140.8
5884,301.55
5885,462.85
5886,650.9
5887,784.95
5888,807.75
5889,770.35
5890,656.55
5891,500.15
5892,330.2
5893,132.6
5894,22.88
5895,0.0
5896,0.0
5897,0.0
5898,0.0
5899,0.0
5900,0.0
5901,0.0
5902,0.0
5903,0.0
5904,0.0
5905,0.0
5906,17.38
5907,125.05
5908,279.2
5909,408.95
5910,480.1
5911,756.0
5912,745.95
5913,789.4
5914,643.05
5915,454.55
5916,253.05
5917,114.6
5918,19.76
5919,0.0
5920,0.0
5921,0.0
5922,0.0
5923,0.0
5924,0.0
5925,0.0
5926,0.0
5927,0.0
5928,0.0
5929,0.0
5930,19.03
5931,148.5
5932,324.1
5933,523.15
5934,668.2
5935,784.2
5936,837.6
5937,779.55
5938,702.6
5939,528.6
5940,362.4
5941,159.3
5942,22.14
5943,0.0
5944,0.0
5945,0.0
5946,0.0
5947,0.0
5948,0.0
5949,0.0
5950,0.0
5951,0.0
5952,0.0
5953,0.0
5954,19.16
5955,158.6
5956,363.3
5957,544.25
5958,721.35
5959,812.6
5960,861.95
5961,830.1
5962,737.6
5963,568.35
5964,372.45
5965,167.85
5966,21.47
5967,0.0
5968,0.0
5969,0.0
5970,0.0
5971,0.0
5972,0.0
5973,0.0
5974,0.0
5975,0.0
5976,0.0
5977,0.0
5978,18.77
5979,131.35
5980,294.7
5981,489.5
5982,659.6
5983,776.75
5984,791.4
5985,774.75
5986,702.1
5987,547.35
5988,366.6
5989,166.35
5990,20.65
5991,0.0
5992,0.0
5993,0.0
5994,0.0
5995,0.0
5996,0.0
5997,0.0
5998,0.0
5999,0.0
6000,0.0
6001,0.0
6002,19.62
6003,134.45
6004,282.45
6005,485.5
6006,589.8
6007,724.45
6008,654.6
6009,727.7
6010,693.6
6011,549.65
6012,375.4
6013,165.2
6014,19.54
6015,0.0
6016,0.0
6017,0.0
6018,0.0
6019,0.0
6020,0.0
6021,0.0
6022,0.0
6023,0.0
6024,0.0
6025,0.0
6026,15.79
6027,114.2
6028,339.85
6029,523.85
6030,674.45
6031,810.9
6032,856.4
6033,847.5
6034,739.9
6035,574.5
6036,372.2
6037,163.1
6038,15.75
6039,0.0
6040,0.0
6041,0.0
6042,0.0
6043,0.0
6044,0.0
6045,0.0
6046,0.0
6047,0.0
6048,0.0
6049,0.0
6050,18.43
6051,148.8
6052,330.1
6053,495.0
6054,687.4
6055,834.45
6056,873.35
6057,828.5
6058,732.0
6059,560.4
6060,363.7
6061,158.75
6062,14.85
6063,0.0
6064,0.0
6065,0.0
6066,0.0
6067,0.0
6068,0.0
6069,0.0
6070,0.0
6071,0.0
6072,0.0
6073,0.0
6074,14.75
6075,150.55
6076,302.7
6077,511.1
6078,630.15
6079,826.4
6080,846.45
6081,777.0
6082,711.6
6083,558.6
6084,353.75
6085,155.1
6086,14.0
6087,0.0
6088,0.0
6089,0.0
6090,0.0
6091,0.0
6092,0.0
6093,0.0
6094,0.0
6095,0.0
6096,0.0
6097,0.0
6098,14.95
6099,129.65
6100,310.8
6101,485.3
6102,665.25
6103,771.5
6104,838.4
6105,782.55
6106,693.7
6107,542.1
6108,331.0
6109,137.45
6110,12.4
6111,0.0
6112,0.0
6113,0.0
6114,0.0
6115,0.0
6116,0.0
6117,0.0
6118,0.0
6119,0.0
6120,0.0
6121,0.0
6122,10.2
6123,100.3
6124,313.65
6125,462.6
6126,520.1
6127,701.1
6128,793.05
6129,801.8
6130,672.05
6131,521.25
6132,317.45
6133,123.8
6134,11.4
6135,0.0
6136,0.0
6137,0.0
6138,0.0
6139,0.0
6140,0.0
6141,0.0
6142,0.0
6143,0.0
6144,0.0
6145,0.0
6146,15.1
6147,129.35
6148,321.3
6149,416.1
6150,625.25
6151,744.25
6152,748.95
6153,601.65
6154,515.45
6155,333.55
6156,168.85
6157,62.35
6158,6.2
6159,0.0
6160,0.0
6161,0.0
6162,0.0
6163,0.0
6164,0.0
6165,0.0
6166,0.0
6167,0.0
6168,0.0
6169,0.0
6170,12.65
6171,123.9
6172,256.9
6173,493.8
6174,598.85
6175,712.55
6176,738.15
6177,774.5
6178,651.4
6179,486.0
6180,270.7
6181,102.65
6182,9.5
6183,0.0
6184,0.0
6185,0.0
6186,0.0
6187,0.0
6188,0.0
6189,0.0
6190,0.0
6191,0.0
6192,0.0
6193,0.0
6194,13.2
6195,140.35
6196,309.0
6197,470.35
6198,606.0
6199,746.2
6200,798.15
6201,775.9
6202,651.55
6203,522.1
6204,326.6
6205,130.85
6206,9.9
6207,0.0
6208,0.0
6209,0.0
6210,0.0
6211,0.0
6212,0.0
6213,0.0
6214,0.0
6215,0.0
6216,0.0
6217,0.0
6218,11.9
6219,138.7
6220,317.4
6221,482.7
6222,628.7
6223,773.85
6224,781.4
6225,762.85
6226,666.65
6227,520.05
6228,325.55
6229,134.5
6230,9.55
6231,0.0
6232,0.0
6233,0.0
6234,0.0
6235,0.0
6236,0.0
6237,0.0
6238,0.0
6239,0.0
6240,0.0
6241,0.0
6242,13.85
6243,127.7
6244,327.85
6245,529.75
6246,703.85
6247,781.7
6248,768.7
6249,785.51
6250,657.7
6251,540.2
6252,336.4
6253,135.55
6254,0.0
6255,0.0
6256,0.0
6257,0.0
6258,0.0
6259,0.0
6260,0.0
6261,0.0
6262,0.0
6263,0.0
6264,0.0
6265,0.0
6266,13.65
6267,153.0
6268,344.7
6269,550.65
6270,678.55
6271,793.86
6272,843.71
6273,800.31
6274,701.1
6275,535.75
6276,333.2
6277,130.95
6278,0.0
6279,0.0
6280,0.0
6281,0.0
6282,0.0
6283,0.0
6284,0.0
6285,0.0
6286,0.0
6287,0.0
6288,0.0
6289,0.0
6290,12.95
6291,139.75
6292,340.55
6293,540.15
6294,708.5
6295,810.36
6296,845.71
6297,804.01
6298,683.45
6299,517.95
6300,322.85
6301,111.35
6302,0.0
6303,0.0
6304,0.0
6305,0.0
6306,0.0
6307,0.0
6308,0.0
6309,0.0
6310,0.0
6311,0.0
6312,0.0
6313,0.0
6314,13.65
6315,154.25
6316,355.35
6317,552.45
6318,692.25
6319,813.01
6320,830.41
6321,804.06
6322,687.3
6323,486.75
6324,289.75
6325,113.95
6326,0.0
6327,0.0
6328,0.0
6329,0.0
6330,0.0
6331,0.0
6332,0.0
6333,0.0
6334,0.0
6335,0.0
6336,0.0
6337,0.0
6338,13.35
6339,158.35
6340,368.9
6341,572.45
6342,733.21
6343,833.16
6344,864.56
6345,824.21
6346,714.71
6347,543.55
6348,336.7
6349,128.8
6350,0.0
6351,0.0
6352,0.0
6353,0.0
6354,0.0
6355,0.0
6356,0.0
6357,0.0
6358,0.0
6359,0.0
6360,0.0
6361,0.0
6362,13.25
6363,155.0
6364,372.6
6365,575.9
6366,737.06
6367,836.66
6368,866.81
6369,824.16
6370,712.26
6371,523.6
6372,334.05
6373,123.8
6374,0.0
6375,0.0
6376,0.0
6377,0.0
6378,0.0
6379,0.0
6380,0.0
6381,0.0
6382,0.0
6383,0.0
6384,0.0
6385,0.0
6386,13.15
6387,147.8
6388,348.5
6389,516.95
6390,702.71
6391,839.46
6392,870.71
6393,826.86
6394,713.36
6395,542.0
6396,332.3
6397,123.7
6398,0.0
6399,0.0
6400,0.0
6401,0.0
6402,0.0
6403,0.0
6404,0.0
6405,0.0
6406,0.0
6407,0.0
6408,0.0
6409,0.0
6410,12.45
6411,147.0
6412,311.85
6413,522.05
6414,673.05
6415,792.06
6416,819.46
6417,804.06
6418,701.26
6419,519.85
6420,330.0
6421,122.0
6422,0.0
6423,0.0
6424,0.0
6425,0.0
6426,0.0
6427,0.0
6428,0.0
6429,0.0
6430,0.0
6431,0.0
6432,0.0
6433,0.0
6434,11.55
6435,127.55
6436,353.45
6437,526.85
6438,704.91
6439,801.56
6440,845.96
6441,819.76
6442,711.06
6443,538.35
6444,330.25
6445,119.5
6446,0.0
6447,0.0
6448,0.0
6449,0.0
6450,0.0
6451,0.0
6452,0.0
6453,0.0
6454,0.0
6455,0.0
6456,0.0
6457,0.0
6458,10.5
6459,110.95
6460,291.1
6461,480.2
6462,642.9
6463,751.61
6464,827.01
6465,742.31
6466,655.65
6467,507.35
6468,313.25
6469,112.8
6470,0.0
6471,0.0
6472,0.0
6473,0.0
6474,0.0
6475,0.0
6476,0.0
6477,0.0
6478,0.0
6479,0.0
6480,0.0
6481,0.0
6482,10.9
6483,132.55
6484,325.75
6485,475.15
6486,644.55
6487,731.51
6488,792.06
6489,743.96
6490,649.8
6491,510.6
6492,308.4
6493,111.15
6494,0.0
6495,0.0
6496,0.0
6497,0.0
6498,0.0
6499,0.0
6500,0.0
6501,0.0
6502,0.0
6503,0.0
6504,0.0
6505,0.0
6506,10.95
6507,130.5
6508,333.25
6509,514.3
6510,633.05
6511,747.86
6512,835.76
6513,792.61
6514,679.76
6515,513.85
6516,309.35
6517,106.7
6518,0.0
6519,0.0
6520,0.0
6521,0.0
6522,0.0
6523,0.0
6524,0.0
6525,0.0
6526,0.0
6527,0.0
6528,0.0
6529,0.0
6530,10.05
6531,127.5
6532,274.1
6533,409.4
6534,425.55
6535,655.5
6536,606.2
6537,604.65
6538,563.2
6539,444.95
6540,278.3
6541,102.0
6542,0.0
6543,0.0
6544,0.0
6545,0.0
6546,0.0
6547,0.0
6548,0.0
6549,0.0
6550,0.0
6551,0.0
6552,0.0
6553,0.0
6554,10.25
6555,139.75
6556,327.6
6557,531.15
6558,696.61
6559,777.06
6560,833.81
6561,787.76
6562,677.61
6563,507.35
6564,302.35
6565,101.6
6566,0.0
6567,0.0
6568,0.0
6569,0.0
6570,0.0
6571,0.0
6572,0.0
6573,0.0
6574,0.0
6575,0.0
6576,0.0
6577,0.0
6578,10.45
6579,138.55
6580,334.05
6581,514.85
6582,713.66
6583,778.46
6584,830.06
6585,798.71
6586,687.91
6587,513.15
6588,304.85
6589,101.05
6590,0.0
6591,0.0
6592,0.0
6593,0.0
6594,0.0
6595,0.0
6596,0.0
6597,0.0
6598,0.0
6599,0.0
6600,0.0
6601,0.0
6602,9.75
6603,146.6
6604,318.25
6605,512.3
6606,689.01
6607,818.81
6608,846.11
6609,806.86
6610,692.11
6611,515.95
6612,306.55
6613,100.5
6614,0.0
6615,0.0
6616,0.0
6617,0.0
6618,0.0
6619,0.0
6620,0.0
6621,0.0
6622,0.0
6623,0.0
6624,0.0
6625,0.0
6626,8.8
6627,129.7
6628,304.9
6629,538.7
6630,702.66
6631,782.41
6632,846.26
6633,799.51
6634,686.06
6635,508.35
6636,301.25
6637,97.1
6638,0.0
6639,0.0
6640,0.0
6641,0.0
6642,0.0
6643,0.0
6644,0.0
6645,0.0
6646,0.0
6647,0.0
6648,0.0
6649,0.0
6650,9.7
6651,124.8
6652,336.2
6653,525.7
6654,701.76
6655,793.81
6656,843.06
6657,789.46
6658,682.36
6659,508.6
6660,298.9
6661,95.35
6662,0.0
6663,0.0
6664,0.0
6665,0.0
6666,0.0
6667,0.0
6668,0.0
6669,0.0
6670,0.0
6671,0.0
6672,0.0
6673,0.0
6674,9.9
6675,137.55
6676,349.0
6677,539.11
6678,695.66
6679,759.21
6680,815.96
6681,769.76
6682,674.96
6683,506.7
6684,295.85
6685,92.15
6686,0.0
6687,0.0
6688,0.0
6689,0.0
6690,0.0
6691,0.0
6692,0.0
6693,0.0
6694,0.0
6695,0.0
6696,0.0
6697,0.0
6698,9.4
6699,126.8
6700,300.9
6701,522.55
6702,696.96
6703,775.51
6704,830.11
6705,786.36
6706,673.26
6707,498.75
6708,289.0
6709,88.35
6710,0.0
6711,0.0
6712,0.0
6713,0.0
6714,0.0
6715,0.0
6716,0.0
6717,0.0
6718,0.0
6719,0.0
6720,0.0
6721,0.0
6722,9.0
6723,133.05
6724,323.35
6725,526.55
6726,699.66
6727,796.71
6728,809.51
6729,777.76
6730,663.41
6731,491.05
6732,283.2
6733,85.3
6734,0.0
6735,0.0
6736,0.0
6737,0.0
6738,0.0
6739,0.0
6740,0.0
6741,0.0
6742,0.0
6743,0.0
6744,0.0
6745,0.0
6746,0.0
6747,125.0
6748,325.75
6749,547.81
6750,691.86
6751,784.36
6752,818.11
6753,768.71
6754,657.51
6755,475.15
6756,276.25
6757,81.8
6758,0.0
6759,0.0
6760,0.0
6761,0.0
6762,0.0
6763,0.0
6764,0.0
6765,0.0
6766,0.0
6767,0.0
6768,0.0
6769,0.0
6770,0.0
6771,143.7
6772,355.35
6773,554.46
6774,709.96
6775,806.41
6776,829.16
6777,779.46
6778,662.41
6779,469.45
6780,232.05
6781,75.85
6782,0.0
6783,0.0
6784,0.0
6785,0.0
6786,0.0
6787,0.0
6788,0.0
6789,0.0
6790,0.0
6791,0.0
6792,0.0
6793,0.0
6794,0.0
6795,143.0
6796,341.95
6797,561.76
6798,720.36
6799,815.86
6800,840.86
6801,790.66
6802,670.71
6803,493.76
6804,281.7
6805,80.15
6806,0.0
6807,0.0
6808,0.0
6809,0.0
6810,0.0
6811,0.0
6812,0.0
6813,0.0
6814,0.0
6815,0.0
6816,0.0
6817,0.0
6818,0.0
6819,149.5
6820,364.0
6821,567.66
6822,728.26
6823,823.31
6824,847.81
6825,797.91
6826,677.66
6827,499.86
6828,285.65
6829,80.15
6830,0.0
6831,0.0
6832,0.0
6833,0.0
6834,0.0
6835,0.0
6836,0.0
6837,0.0
6838,0.0
6839,0.0
6840,0.0
6841,0.0
6842,0.0
6843,155.05
6844,376.05
6845,582.11
6846,739.91
6847,832.71
6848,854.16
6849,801.61
6850,679.31
6851,499.21
6852,283.3
6853,77.85
6854,0.0
6855,0.0
6856,0.0
6857,0.0
6858,0.0
6859,0.0
6860,0.0
6861,0.0
6862,0.0
6863,0.0
6864,0.0
6865,0.0
6866,0.0
6867,151.7
6868,370.9
6869,576.81
6870,736.56
6871,831.56
6872,854.11
6873,801.76
6874,679.36
6875,499.11
6876,282.2
6877,75.9
6878,0.0
6879,0.0
6880,0.0
6881,0.0
6882,0.0
6883,0.0
6884,0.0
6885,0.0
6886,0.0
6887,0.0
6888,0.0
6889,0.0
6890,0.0
6891,149.95
6892,368.35
6893,574.31
6894,732.96
6895,826.26
6896,846.71
6897,793.46
6898,672.61
6899,490.91
6900,275.15
6901,71.9
6902,0.0
6903,0.0
6904,0.0
6905,0.0
6906,0.0
6907,0.0
6908,0.0
6909,0.0
6910,0.0
6911,0.0
6912,0.0
6913,0.0
6914,0.0
6915,147.05
6916,361.4
6917,565.31
6918,723.66
6919,816.56
6920,834.96
6921,782.41
6922,661.16
6923,485.31
6924,272.1
6925,70.75
6926,0.0
6927,0.0
6928,0.0
6929,0.0
6930,0.0
6931,0.0
6932,0.0
6933,0.0
6934,0.0
6935,0.0
6936,0.0
6937,0.0
6938,0.0
6939,137.15
6940,321.6
6941,519.11
6942,665.01
6943,768.01
6944,790.91
6945,724.81
6946,644.16
6947,458.26
6948,250.75
6949,63.45
6950,0.0
6951,0.0
6952,0.0
6953,0.0
6954,0.0
6955,0.0
6956,0.0
6957,0.0
6958,0.0
6959,0.0
6960,0.0
6961,0.0
6962,0.0
6963,83.1
6964,189.6
6965,357.5
6966,490.6
6967,709.51
6968,699.41
6969,660.91
6970,453.75
6971,268.45
6972,140.8
6973,36.1
6974,0.0
6975,0.0
6976,0.0
6977,0.0
6978,0.0
6979,0.0
6980,0.0
6981,0.0
6982,0.0
6983,0.0
6984,0.0
6985,0.0
6986,0.0
6987,131.1
6988,318.8
6989,518.56
6990,673.11
6991,774.81
6992,784.51
6993,738.31
6994,627.56
6995,453.26
6996,249.2
6997,59.7
6998,0.0
6999,0.0
7000,0.0
7001,0.0
7002,0.0
7003,0.0
7004,0.0
7005,0.0
7006,0.0
7007,0.0
7008,0.0
7009,0.0
7010,0.0
7011,135.9
7012,345.65
7013,542.91
7014,696.11
7015,793.06
7016,815.21
7017,764.26
7018,646.71
7019,469.01
7020,257.85
7021,61.45
7022,0.0
7023,0.0
7024,0.0
7025,0.0
7026,0.0
7027,0.0
7028,0.0
7029,0.0
7030,0.0
7031,0.0
7032,0.0
7033,0.0
7034,0.0
7035,144.05
7036,363.21
7037,568.81
7038,727.21
7039,825.51
7040,846.51
7041,792.86
7042,669.26
7043,487.21
7044,268.2
7045,63.15
7046,0.0
7047,0.0
7048,0.0
7049,0.0
7050,0.0
7051,0.0
7052,0.0
7053,0.0
7054,0.0
7055,0.0
7056,0.0
7057,0.0
7058,0.0
7059,142.9
7060,362.56
7061,568.56
7062,727.36
7063,817.21
7064,837.71
7065,783.41
7066,659.36
7067,477.61
7068,260.35
7069,53.12
7070,0.0
7071,0.0
7072,0.0
7073,0.0
7074,0.0
7075,0.0
7076,0.0
7077,0.0
7078,0.0
7079,0.0
7080,0.0
7081,0.0
7082,0.0
7083,140.55
7084,359.26
7085,564.66
7086,723.11
7087,814.01
7088,833.66
7089,779.06
7090,654.96
7091,473.51
7092,257.15
7093,51.46
7094,0.0
7095,0.0
7096,0.0
7097,0.0
7098,0.0
7099,0.0
7100,0.0
7101,0.0
7102,0.0
7103,0.0
7104,0.0
7105,0.0
7106,0.0
7107,135.55
7108,350.01
7109,552.61
7110,709.16
7111,808.16
7112,829.61
7113,775.86
7114,652.31
7115,471.36
7116,255.05
7117,50.08
7118,0.0
7119,0.0
7120,0.0
7121,0.0
7122,0.0
7123,0.0
7124,0.0
7125,0.0
7126,0.0
7127,0.0
7128,0.0
7129,0.0
7130,0.0
7131,133.75
7132,347.16
7133,548.76
7134,704.56
7135,801.81
7136,822.06
7137,767.66
7138,644.31
7139,464.41
7140,250.1
7141,48.08
7142,0.0
7143,0.0
7144,0.0
7145,0.0
7146,0.0
7147,0.0
7148,0.0
7149,0.0
7150,0.0
7151,0.0
7152,0.0
7153,0.0
7154,0.0
7155,133.3
7156,348.21
7157,551.31
7158,708.16
7159,799.56
7160,819.06
7161,764.46
7162,641.06
7163,460.81
7164,246.25
7165,46.16
7166,0.0
7167,0.0
7168,0.0
7169,0.0
7170,0.0
7171,0.0
7172,0.0
7173,0.0
7174,0.0
7175,0.0
7176,0.0
7177,0.0
7178,0.0
7179,131.15
7180,344.51
7181,546.01
7182,701.61
7183,793.66
7184,813.61
7185,759.41
7186,636.51
7187,457.01
7188,243.3
7189,44.72
7190,0.0
7191,0.0
7192,0.0
7193,0.0
7194,0.0
7195,0.0
7196,0.0
7197,0.0
7198,0.0
7199,0.0
7200,0.0
7201,0.0
7202,0.0
7203,129.05
7204,341.76
7205,542.16
7206,696.01
7207,785.91
7208,804.56
7209,749.51
7210,626.01
7211,446.76
7212,235.2
7213,42.18
7214,0.0
7215,0.0
7216,0.0
7217,0.0
7218,0.0
7219,0.0
7220,0.0
7221,0.0
7222,0.0
7223,0.0
7224,0.0
7225,0.0
7226,0.0
7227,121.15
7228,329.41
7229,516.06
7230,679.06
7231,770.81
7232,791.31
7233,737.81
7234,616.31
7235,439.11
7236,230.1
7237,40.47
7238,0.0
7239,0.0
7240,0.0
7241,0.0
7242,0.0
7243,0.0
7244,0.0
7245,0.0
7246,0.0
7247,0.0
7248,0.0
7249,0.0
7250,0.0
7251,121.8
7252,330.41
7253,529.91
7254,683.56
7255,774.16
7256,793.31
7257,738.91
7258,616.41
7259,438.66
7260,228.95
7261,39.36
7262,0.0
7263,0.0
7264,0.0
7265,0.0
7266,0.0
7267,0.0
7268,0.0
7269,0.0
7270,0.0
7271,0.0
7272,0.0
7273,0.0
7274,0.0
7275,122.25
7276,331.31
7277,529.61
7278,682.46
7279,774.71
7280,793.86
7281,739.61
7282,617.26
7283,439.21
7284,228.75
7285,38.49
7286,0.0
7287,0.0
7288,0.0
7289,0.0
7290,0.0
7291,0.0
7292,0.0
7293,0.0
7294,0.0
7295,0.0
7296,0.0
7297,0.0
7298,0.0
7299,120.8
7300,330.46
7301,529.21
7302,681.71
7303,772.26
7304,789.91
7305,735.51
7306,613.46
7307,436.01
7308,226.2
7309,37.39
7310,0.0
7311,0.0
7312,0.0
7313,0.0
7314,0.0
7315,0.0
7316,0.0
7317,0.0
7318,0.0
7319,0.0
7320,0.0
7321,0.0
7322,0.0
7323,122.6
7324,337.06
7325,539.76
7326,695.46
7327,785.61
7328,804.36
7329,749.01
7330,625.06
7331,444.76
7332,230.75
7333,37.38
7334,0.0
7335,0.0
7336,0.0
7337,0.0
7338,0.0
7339,0.0
7340,0.0
7341,0.0
7342,0.0
7343,0.0
7344,0.0
7345,0.0
7346,0.0
7347,121.0
7348,334.66
7349,536.26
7350,691.01
7351,779.41
7352,797.56
7353,742.06
7354,618.16
7355,438.61
7356,226.45
7357,35.94
7358,0.0
7359,0.0
7360,0.0
7361,0.0
7362,0.0
7363,0.0
7364,0.0
7365,0.0
7366,0.0
7367,0.0
7368,0.0
7369,0.0
7370,0.0
7371,115.35
7372,323.21
7373,521.31
7374,674.26
7375,763.96
7376,783.61
7377,729.91
7378,608.11
7379,430.61
7380,220.8
7381,34.42
7382,0.0
7383,0.0
7384,0.0
7385,0.0
7386,0.0
7387,0.0
7388,0.0
7389,0.0
7390,0.0
7391,0.0
7392,0.0
7393,0.0
7394,0.0
7395,107.95
7396,297.56
7397,499.81
7398,613.76
7399,729.86
7400,751.01
7401,708.11
7402,581.06
7403,417.76
7404,213.15
7405,32.68
7406,0.0
7407,0.0
7408,0.0
7409,0.0
7410,0.0
7411,0.0
7412,0.0
7413,0.0
7414,0.0
7415,0.0
7416,0.0
7417,0.0
7418,0.0
7419,80.4
7420,278.55
7421,470.81
7422,642.06
7423,750.61
7424,770.56
7425,718.31
7426,598.06
7427,422.36
7428,214.5
7429,32.03
7430,0.0
7431,0.0
7432,0.0
7433,0.0
7434,0.0
7435,0.0
7436,0.0
7437,0.0
7438,0.0
7439,0.0
7440,0.0
7441,0.0
7442,0.0
7443,109.7
7444,316.56
7445,513.51
7446,665.46
7447,753.01
7448,771.81
7449,718.01
7450,596.56
7451,420.26
7452,212.55
7453,31.15
7454,0.0
7455,0.0
7456,0.0
7457,0.0
7458,0.0
7459,0.0
7460,0.0
7461,0.0
7462,0.0
7463,0.0
7464,0.0
7465,0.0
7466,0.0
7467,107.65
7468,313.61
7469,510.86
7470,663.01
7471,753.41
7472,772.46
7473,718.66
7474,597.01
7475,420.31
7476,212.15
7477,30.51
7478,0.0
7479,0.0
7480,0.0
7481,0.0
7482,0.0
7483,0.0
7484,0.0
7485,0.0
7486,0.0
7487,0.0
7488,0.0
7489,0.0
7490,0.0
7491,105.6
7492,311.26
7493,508.91
7494,661.81
7495,753.66
7496,772.86
7497,718.76
7498,596.91
7499,419.96
7500,211.3
7501,29.87
7502,0.0
7503,0.0
7504,0.0
7505,0.0
7506,0.0
7507,0.0
7508,0.0
7509,0.0
7510,0.0
7511,0.0
7512,0.0
7513,0.0
7514,0.0
7515,100.85
7516,301.46
7517,494.56
7518,643.91
7519,733.51
7520,752.86
7521,700.81
7522,581.96
7523,408.81
7524,204.8
7525,28.51
7526,0.0
7527,0.0
7528,0.0
7529,0.0
7530,0.0
7531,0.0
7532,0.0
7533,0.0
7534,0.0
7535,0.0
7536,0.0
7537,0.0
7538,0.0
7539,100.1
7540,302.11
7541,496.81
7542,647.86
7543,735.81
7544,755.01
7545,701.96
7546,581.66
7547,407.41
7548,202.95
7549,27.69
7550,0.0
7551,0.0
7552,0.0
7553,0.0
7554,0.0
7555,0.0
7556,0.0
7557,0.0
7558,0.0
7559,0.0
7560,0.0
7561,0.0
7562,0.0
7563,98.9
7564,301.56
7565,497.46
7566,649.41
7567,740.16
7568,759.46
7569,706.31
7570,585.91
7571,410.66
7572,204.36
7573,27.42
7574,0.0
7575,0.0
7576,0.0
7577,0.0
7578,0.0
7579,0.0
7580,0.0
7581,0.0
7582,0.0
7583,0.0
7584,0.0
7585,0.0
7586,0.0
7587,96.15
7588,296.51
7589,490.41
7590,640.71
7591,730.36
7592,749.76
7593,697.76
7594,579.16
7595,405.76
7596,201.36
7597,26.65
7598,0.0
7599,0.0
7600,0.0
7601,0.0
7602,0.0
7603,0.0
7604,0.0
7605,0.0
7606,0.0
7607,0.0
7608,0.0
7609,0.0
7610,0.0
7611,94.1
7612,293.86
7613,487.66
7614,637.66
7615,730.21
7616,749.86
7617,698.06
7618,579.36
7619,405.86
7620,201.36
7621,26.23
7622,0.0
7623,0.0
7624,0.0
7625,0.0
7626,0.0
7627,0.0
7628,0.0
7629,0.0
7630,0.0
7631,0.0
7632,0.0
7633,0.0
7634,0.0
7635,89.25
7636,283.21
7637,473.61
7638,621.01
7639,706.81
7640,727.21
7641,679.96
7642,562.81
7643,391.66
7644,193.7
7645,24.91
7646,0.0
7647,0.0
7648,0.0
7649,0.0
7650,0.0
7651,0.0
7652,0.0
7653,0.0
7654,0.0
7655,0.0
7656,0.0
7657,0.0
7658,0.0
7659,89.1
7660,286.36
7661,480.36
7662,632.21
7663,724.46
7664,746.06
7665,695.61
7666,577.86
7667,404.91
7668,200.26
7669,25.45
7670,0.0
7671,0.0
7672,0.0
7673,0.0
7674,0.0
7675,0.0
7676,0.0
7677,0.0
7678,0.0
7679,0.0
7680,0.0
7681,0.0
7682,0.0
7683,88.0
7684,285.91
7685,479.86
7686,631.01
7687,721.46
7688,741.01
7689,689.46
7690,571.11
7691,398.71
7692,195.91
7693,24.48
7694,0.0
7695,0.0
7696,0.0
7697,0.0
7698,0.0
7699,0.0
7700,0.0
7701,0.0
7702,0.0
7703,0.0
7704,0.0
7705,0.0
7706,0.0
7707,86.5
7708,284.51
7709,478.56
7710,629.36
7711,717.36
7712,736.71
7713,684.36
7714,566.01
7715,394.51
7716,193.21
7717,14.45
7718,0.0
7719,0.0
7720,0.0
7721,0.0
7722,0.0
7723,0.0
7724,0.0
7725,0.0
7726,0.0
7727,0.0
7728,0.0
7729,0.0
7730,0.0
7731,81.5
7732,272.91
7733,462.51
7734,610.81
7735,703.06
7736,723.71
7737,673.26
7738,557.51
7739,388.51
7740,190.01
7741,14.1
7742,0.0
7743,0.0
7744,0.0
7745,0.0
7746,0.0
7747,0.0
7748,0.0
7749,0.0
7750,0.0
7751,0.0
7752,0.0
7753,0.0
7754,0.0
7755,81.15
7756,279.51
7757,472.41
7758,622.26
7759,713.61
7760,734.76
7761,684.91
7762,568.06
7763,396.56
7764,193.96
7765,14.05
7766,0.0
7767,0.0
7768,0.0
7769,0.0
7770,0.0
7771,0.0
7772,0.0
7773,0.0
7774,0.0
7775,0.0
7776,0.0
7777,0.0
7778,0.0
7779,82.05
7780,281.01
7781,476.61
7782,628.96
7783,722.16
7784,743.71
7785,692.81
7786,574.36
7787,401.01
7788,196.26
7789,13.9
7790,0.0
7791,0.0
7792,0.0
7793,0.0
7794,0.0
7795,0.0
7796,0.0
7797,0.0
7798,0.0
7799,0.0
7800,0.0
7801,0.0
7802,0.0
7803,79.25
7804,276.56
7805,471.91
7806,624.61
7807,714.16
7808,735.61
7809,685.76
7810,568.91
7811,397.26
7812,194.26
7813,13.95
7814,0.0
7815,0.0
7816,0.0
7817,0.0
7818,0.0
7819,0.0
7820,0.0
7821,0.0
7822,0.0
7823,0.0
7824,0.0
7825,0.0
7826,0.0
7827,69.9
7828,262.46
7829,445.91
7830,595.61
7831,658.06
7832,664.56
7833,609.31
7834,539.51
7835,365.76
7836,183.16
7837,13.5
7838,0.0
7839,0.0
7840,0.0
7841,0.0
7842,0.0
7843,0.0
7844,0.0
7845,0.0
7846,0.0
7847,0.0
7848,0.0
7849,0.0
7850,0.0
7851,56.95
7852,194.4
7853,334.21
7854,471.86
7855,495.56
7856,596.96
7857,518.46
7858,444.51
7859,299.61
7860,145.8
7861,11.85
7862,0.0
7863,0.0
7864,0.0
7865,0.0
7866,0.0
7867,0.0
7868,0.0
7869,0.0
7870,0.0
7871,0.0
7872,0.0
7873,0.0
7874,0.0
7875,43.2
7876,136.6
7877,227.8
7878,335.0
7879,221.2
7880,352.6
7881,417.31
7882,276.25
7883,248.6
7884,122.9
7885,12.65
7886,0.0
7887,0.0
7888,0.0
7889,0.0
7890,0.0
7891,0.0
7892,0.0
7893,0.0
7894,0.0
7895,0.0
7896,0.0
7897,0.0
7898,0.0
7899,70.85
7900,263.46
7901,457.96
7902,610.66
7903,705.11
7904,727.26
7905,678.16
7906,562.86
7907,392.41
7908,190.66
7909,13.6
7910,0.0
7911,0.0
7912,0.0
7913,0.0
7914,0.0
7915,0.0
7916,0.0
7917,0.0
7918,0.0
7919,0.0
7920,0.0
7921,0.0
7922,0.0
7923,68.8
7924,259.66
7925,452.26
7926,603.71
7927,697.71
7928,722.26
7929,675.66
7930,562.46
7931,393.81
7932,192.51
7933,13.5
7934,0.0
7935,0.0
7936,0.0
7937,0.0
7938,0.0
7939,0.0
7940,0.0
7941,0.0
7942,0.0
7943,0.0
7944,0.0
7945,0.0
7946,0.0
7947,60.46
7948,264.11
7949,460.81
7950,615.91
7951,710.31
7952,734.71
7953,686.31
7954,570.01
7955,398.41
7956,194.56
7957,13.5
7958,0.0
7959,0.0
7960,0.0
7961,0.0
7962,0.0
7963,0.0
7964,0.0
7965,0.0
7966,0.0
7967,0.0
7968,0.0
7969,0.0
7970,0.0
7971,58.99
7972,262.66
7973,459.61
7974,614.36
7975,707.91
7976,731.66
7977,683.41
7978,567.76
7979,396.81
7980,193.86
7981,13.4
7982,0.0
7983,0.0
7984,0.0
7985,0.0
7986,0.0
7987,0.0
7988,0.0
7989,0.0
7990,0.0
7991,0.0
7992,0.0
7993,0.0
7994,0.0
7995,56.61
7996,256.06
7997,449.46
7998,600.46
7999,691.81
8000,713.51
8001,664.81
8002,550.66
8003,383.11
8004,185.66
8005,12.95
8006,0.0
8007,0.0
8008,0.0
8009,0.0
8010,0.0
8011,0.0
8012,0.0
8013,0.0
8014,0.0
8015,0.0
8016,0.0
8017,0.0
8018,0.0
8019,53.02
8020,245.06
8021,434.86
8022,584.81
8023,673.61
8024,697.56
8025,651.76
8026,541.21
8027,377.41
8028,183.36
8029,12.9
8030,0.0
8031,0.0
8032,0.0
8033,0.0
8034,0.0
8035,0.0
8036,0.0
8037,0.0
8038,0.0
8039,0.0
8040,0.0
8041,0.0
8042,0.0
8043,51.58
8044,243.31
8045,434.76
8046,587.06
8047,674.51
8048,700.36
8049,656.26
8050,546.41
8051,382.26
8052,186.71
8053,13.1
8054,0.0
8055,0.0
8056,0.0
8057,0.0
8058,0.0
8059,0.0
8060,0.0
8061,0.0
8062,0.0
8063,0.0
8064,0.0
8065,0.0
8066,0.0
8067,50.22
8068,240.91
8069,431.81
8070,583.56
8071,674.41
8072,699.76
8073,655.46
8074,545.41
8075,381.21
8076,185.91
8077,13.15
8078,0.0
8079,0.0
8080,0.0
8081,0.0
8082,0.0
8083,0.0
8084,0.0
8085,0.0
8086,0.0
8087,0.0
8088,0.0
8089,0.0
8090,0.0
8091,37.85
8092,194.45
8093,343.86
8094,541.96
8095,662.71
8096,693.26
8097,650.11
8098,541.36
8099,378.41
8100,184.06
8101,13.2
8102,0.0
8103,0.0
8104,0.0
8105,0.0
8106,0.0
8107,0.0
8108,0.0
8109,0.0
8110,0.0
8111,0.0
8112,0.0
8113,0.0
8114,0.0
8115,37.08
8116,176.6
8117,331.51
8118,455.01
8119,603.91
8120,678.81
8121,642.01
8122,536.26
8123,373.71
8124,182.01
8125,13.2
8126,0.0
8127,0.0
8128,0.0
8129,0.0
8130,0.0
8131,0.0
8132,0.0
8133,0.0
8134,0.0
8135,0.0
8136,0.0
8137,0.0
8138,0.0
8139,35.83
8140,176.0
8141,368.61
8142,541.66
8143,645.36
8144,668.81
8145,630.01
8146,532.36
8147,372.41
8148,181.96
8149,13.15
8150,0.0
8151,0.0
8152,0.0
8153,0.0
8154,0.0
8155,0.0
8156,0.0
8157,0.0
8158,0.0
8159,0.0
8160,0.0
8161,0.0
8162,0.0
8163,43.52
8164,226.21
8165,414.56
8166,566.01
8167,664.06
8168,691.26
8169,649.11
8170,541.46
8171,379.76
8172,186.41
8173,13.4
8174,0.0
8175,0.0
8176,0.0
8177,0.0
8178,0.0
8179,0.0
8180,0.0
8181,0.0
8182,0.0
8183,0.0
8184,0.0
8185,0.0
8186,0.0
8187,42.45
8188,224.76
8189,413.61
8190,565.56
8191,658.96
8192,686.31
8193,644.91
8194,538.31
8195,377.81
8196,185.76
8197,13.5
8198,0.0
8199,0.0
8200,0.0
8201,0.0
8202,0.0
8203,0.0
8204,0.0
8205,0.0
8206,0.0
8207,0.0
8208,0.0
8209,0.0
8210,0.0
8211,37.68
8212,217.11
8213,406.16
8214,554.91
8215,648.11
8216,675.36
8217,613.81
8218,531.31
8219,373.21
8220,164.55
8221,13.0
8222,0.0
8223,0.0
8224,0.0
8225,0.0
8226,0.0
8227,0.0
8228,0.0
8229,0.0
8230,0.0
8231,0.0
8232,0.0
8233,0.0
8234,0.0
8235,39.46
8236,217.91
8237,404.81
8238,555.71
8239,649.71
8240,672.96
8241,634.31
8242,530.31
8243,374.46
8244,180.06
8245,13.5
8246,0.0
8247,0.0
8248,0.0
8249,0.0
8250,0.0
8251,0.0
8252,0.0
8253,0.0
8254,0.0
8255,0.0
8256,0.0
8257,0.0
8258,0.0
8259,35.18
8260,202.91
8261,359.81
8262,441.56
8263,624.26
8264,667.61
8265,603.36
8266,527.61
8267,360.91
8268,182.16
8269,13.75
8270,0.0
8271,0.0
8272,0.0
8273,0.0
8274,0.0
8275,0.0
8276,0.0
8277,0.0
8278,0.0
8279,0.0
8280,0.0
8281,0.0
8282,0.0
8283,37.92
8284,216.01
8285,405.81
8286,560.61
8287,657.36
8288,690.01
8289,651.96
8290,548.51
8291,386.86
8292,194.16
8293,14.35
8294,0.0
8295,0.0
8296,0.0
8297,0.0
8298,0.0
8299,0.0
8300,0.0
8301,0.0
8302,0.0
8303,0.0
8304,0.0
8305,0.0
8306,0.0
8307,38.41
8308,224.36
8309,419.21
8310,575.76
8311,673.46
8312,704.96
8313,665.81
8314,559.31
8315,396.41
8316,198.96
8317,14.5
8318,0.0
8319,0.0
8320,0.0
8321,0.0
8322,0.0
8323,0.0
8324,0.0
8325,0.0
8326,0.0
8327,0.0
8328,0.0
8329,0.0
8330,0.0
8331,36.86
8332,219.96
8333,413.36
8334,569.86
8335,667.61
8336,699.96
8337,661.91
8338,556.96
8339,395.96
8340,199.96
8341,26.31
8342,0.0
8343,0.0
8344,0.0
8345,0.0
8346,0.0
8347,0.0
8348,0.0
8349,0.0
8350,0.0
8351,0.0
8352,0.0
8353,0.0
8354,0.0
8355,35.77
8356,217.91
8357,411.86
8358,569.06
8359,669.36
8360,701.76
8361,663.86
8362,558.86
8363,397.61
8364,201.36
8365,26.9
8366,0.0
8367,0.0
8368,0.0
8369,0.0
8370,0.0
8371,0.0
8372,0.0
8373,0.0
8374,0.0
8375,0.0
8376,0.0
8377,0.0
8378,0.0
8379,35.37
8380,220.01
8381,416.91
8382,576.46
8383,678.61
8384,711.76
8385,673.41
8386,567.06
8387,403.96
8388,205.31
8389,27.84
8390,0.0
8391,0.0
8392,0.0
8393,0.0
8394,0.0
8395,0.0
8396,0.0
8397,0.0
8398,0.0
8399,0.0
8400,0.0
8401,0.0
8402,0.0
8403,34.63
8404,219.91
8405,418.01
8406,578.76
8407,681.16
8408,715.41
8409,677.51
8410,571.11
8411,407.41
8412,207.86
8413,28.59
8414,0.0
8415,0.0
8416,0.0
8417,0.0
8418,0.0
8419,0.0
8420,0.0
8421,0.0
8422,0.0
8423,0.0
8424,0.0
8425,0.0
8426,0.0
8427,33.36
8428,216.41
8429,413.66
8430,573.81
8431,675.51
8432,711.06
8433,673.61
8434,569.46
8435,406.71
8436,208.91
8437,29.24
8438,0.0
8439,0.0
8440,0.0
8441,0.0
8442,0.0
8443,0.0
8444,0.0
8445,0.0
8446,0.0
8447,0.0
8448,0.0
8449,0.0
8450,0.0
8451,32.67
8452,215.71
8453,414.16
8454,576.61
8455,678.66
8456,705.46
8457,674.16
8458,569.36
8459,407.21
8460,188.51
8461,27.81
8462,0.0
8463,0.0
8464,0.0
8465,0.0
8466,0.0
8467,0.0
8468,0.0
8469,0.0
8470,0.0
8471,0.0
8472,0.0
8473,0.0
8474,0.0
8475,28.4
8476,196.81
8477,396.26
8478,550.56
8479,643.46
8480,655.21
8481,603.71
8482,514.81
8483,346.01
8484,182.65
8485,28.25
8486,0.0
8487,0.0
8488,0.0
8489,0.0
8490,0.0
8491,0.0
8492,0.0
8493,0.0
8494,0.0
8495,0.0
8496,0.0
8497,0.0
8498,0.0
8499,26.47
8500,177.0
8501,363.56
8502,532.01
8503,665.81
8504,695.71
8505,653.41
8506,548.26
8507,386.16
8508,184.7
8509,30.15
8510,0.0
8511,0.0
8512,0.0
8513,0.0
8514,0.0
8515,0.0
8516,0.0
8517,0.0
8518,0.0
8519,0.0
8520,0.0
8521,0.0
8522,0.0
8523,29.16
8524,204.06
8525,397.51
8526,556.01
8527,658.51
8528,693.76
8529,659.16
8530,557.91
8531,400.46
8532,207.71
8533,31.41
8534,0.0
8535,0.0
8536,0.0
8537,0.0
8538,0.0
8539,0.0
8540,0.0
8541,0.0
8542,0.0
8543,0.0
8544,0.0
8545,0.0
8546,0.0
8547,28.52
8548,203.61
8549,398.81
8550,559.36
8551,662.11
8552,699.71
8553,666.86
8554,566.11
8555,407.86
8556,212.81
8557,32.81
8558,0.0
8559,0.0
8560,0.0
8561,0.0
8562,0.0
8563,0.0
8564,0.0
8565,0.0
8566,0.0
8567,0.0
8568,0.0
8569,0.0
8570,0.0
8571,28.25
8572,205.66
8573,402.31
8574,564.61
8575,672.16
8576,709.96
8577,675.91
8578,573.41
8579,413.26
8580,216.51
8581,33.95
8582,0.0
8583,0.0
8584,0.0
8585,0.0
8586,0.0
8587,0.0
8588,0.0
8589,0.0
8590,0.0
8591,0.0
8592,0.0
8593,0.0
8594,0.0
8595,27.37
8596,202.71
8597,398.81
8598,559.81
8599,666.71
8600,703.91
8601,670.56
8602,569.86
8603,411.86
8604,216.81
8605,34.71
8606,0.0
8607,0.0
8608,0.0
8609,0.0
8610,0.0
8611,0.0
8612,0.0
8613,0.0
8614,0.0
8615,0.0
8616,0.0
8617,0.0
8618,0.0
8619,15.0
8620,202.91
8621,400.11
8622,562.21
8623,666.16
8624,703.71
8625,670.86
8626,570.81
8627,413.66
8628,219.21
8629,35.86
8630,0.0
8631,0.0
8632,0.0
8633,0.0
8634,0.0
8635,0.0
8636,0.0
8637,0.0
8638,0.0
8639,0.0
8640,0.0
8641,0.0
8642,0.0
8643,14.75
8644,206.36
8645,410.71
8646,580.26
8647,692.66
8648,734.56
8649,702.56
8650,599.71
8651,436.51
8652,233.56
8653,38.97
8654,0.0
8655,0.0
8656,0.0
8657,0.0
8658,0.0
8659,0.0
8660,0.0
8661,0.0
8662,0.0
8663,0.0
8664,0.0
8665,0.0
8666,0.0
8667,14.75
8668,209.26
8669,413.11
8670,580.11
8671,687.66
8672,727.41
8673,695.06
8674,593.21
8675,431.96
8676,231.56
8677,39.38
8678,0.0
8679,0.0
8680,0.0
8681,0.0
8682,0.0
8683,0.0
8684,0.0
8685,0.0
8686,0.0
8687,0.0
8688,0.0
8689,0.0
8690,0.0
8691,14.35
8692,203.91
8693,404.96
8694,570.31
8695,676.66
8696,716.76
8697,685.31
8698,585.26
8699,426.41
8700,228.91
8701,39.63
8702,0.0
8703,0.0
8704,0.0
8705,0.0
8706,0.0
8707,0.0
8708,0.0
8709,0.0
8710,0.0
8711,0.0
8712,0.0
8713,0.0
8714,0.0
8715,14.05
8716,199.51
8717,399.36
8718,565.31
8719,674.11
8720,716.41
8721,686.66
8722,587.51
8723,429.41
8724,232.21
8725,41.22
8726,0.0
8727,0.0
8728,0.0
8729,0.0
8730,0.0
8731,0.0
8732,0.0
8733,0.0
8734,0.0
8735,0.0
8736,0.0
8737,0.0
8738,0.0
8739,14.05
8740,197.46
8741,405.31
8742,572.21
8743,682.96
8744,725.01
8745,693.46
8746,594.71
8747,435.66
8748,237.01
8749,42.94
8750,0.0
8751,0.0
8752,0.0
8753,0.0
8754,0.0
8755,0.0
8756,0.0
8757,0.0
8758,0.0
8759,0.0
8760,0.0
