model,wind_speed_ms,power_kw
LTW42-250,0.0,0.0
LTW42-250,0.5,0.0
LTW42-250,1.0,0.0
LTW42-250,1.5,0.0
LTW42-250,2.0,0.0
LTW42-250,2.5,3.0
LTW42-250,3.0,7.0
LTW42-250,3.5,14.5
LTW42-250,4.0,22.0
LTW42-250,4.5,34.5
LTW42-250,5.0,47.0
LTW42-250,5.5,64.0
LTW42-250,6.0,81.0
LTW42-250,6.5,104.5
LTW42-250,7.0,128.0
LTW42-250,7.5,159.0
LTW42-250,8.0,190.0
LTW42-250,8.5,212.0
LTW42-250,9.0,234.0
LTW42-250,9.5,241.5
LTW42-250,10.0,249.0
LTW42-250,10.5,249.5
LTW42-250,11.0,250.0
LTW42-250,11.5,250.0
LTW42-250,12.0,250.0
LTW42-250,12.5,250.0
LTW42-250,13.0,250.0
LTW42-250,13.5,250.0
LTW42-250,14.0,250.0
LTW42-250,14.5,250.0
LTW42-250,15.0,250.0
LTW42-250,15.5,250.0
LTW42-250,16.0,250.0
LTW42-250,16.5,250.0
LTW42-250,17.0,250.0
LTW42-250,17.5,250.0
LTW42-250,18.0,250.0
LTW42-250,18.5,250.0
LTW42-250,19.0,250.0
LTW42-250,19.5,250.0
LTW42-250,20.0,250.0
LTW42-250,20.5,0.0
LTW42-250,21.0,0.0
LTW42-250,21.5,0.0
LTW42-250,22.0,0.0
LTW42-250,22.5,0.0
LTW42-250,23.0,0.0
LTW42-250,23.5,0.0
LTW42-250,24.0,0.0
LTW42-250,24.5,0.0
LTW42-250,25.0,0.0
LTW42-500,0.0,0.0
LTW42-500,0.5,0.0
LTW42-500,1.0,0.0
LTW42-500,1.5,0.0
LTW42-500,2.0,0.0
LTW42-500,2.5,0.0
LTW42-500,3.0,0.0
LTW42-500,3.5,7.0
LTW42-500,4.0,14.0
LTW42-500,4.5,27.0
LTW42-500,5.0,40.0
LTW42-500,5.5,57.0
LTW42-500,6.0,74.0
LTW42-500,6.5,99.0
LTW42-500,7.0,124.0
LTW42-500,7.5,156.0
LTW42-500,8.0,188.0
LTW42-500,8.5,229.0
LTW42-500,9.0,270.0
LTW42-500,9.5,315.0
LTW42-500,10.0,360.0
LTW42-500,10.5,399.5
LTW42-500,11.0,439.0
LTW42-500,11.5,461.0
LTW42-500,12.0,483.0
LTW42-500,12.5,489.5
LTW42-500,13.0,496.0
LTW42-500,13.5,498.0
LTW42-500,14.0,500.0
LTW42-500,14.5,500.0
LTW42-500,15.0,500.0
LTW42-500,15.5,500.0
LTW42-500,16.0,500.0
LTW42-500,16.5,500.0
LTW42-500,17.0,500.0
LTW42-500,17.5,500.0
LTW42-500,18.0,500.0
LTW42-500,18.5,500.0
LTW42-500,19.0,500.0
LTW42-500,19.5,500.0
LTW42-500,20.0,500.0
LTW42-500,20.5,0.0
LTW42-500,21.0,0.0
LTW42-500,21.5,0.0
LTW42-500,22.0,0.0
LTW42-500,22.5,0.0
LTW42-500,23.0,0.0
LTW42-500,23.5,0.0
LTW42-500,24.0,0.0
LTW42-500,24.5,0.0
LTW42-500,25.0,0.0
47-ASR-500,0.0,0.0
47-ASR-500,0.5,0.0
47-ASR-500,1.0,0.0
47-ASR-500,1.5,0.0
47-ASR-500,2.0,0.0
47-ASR-500,2.5,0.0
47-ASR-500,3.0,3.0
47-ASR-500,3.5,11.5
47-ASR-500,4.0,20.0
47-ASR-500,4.5,36.0
47-ASR-500,5.0,52.0
47-ASR-500,5.5,71.0
47-ASR-500,6.0,90.0
47-ASR-500,6.5,122.5
47-ASR-500,7.0,155.0
47-ASR-500,7.5,195.5
47-ASR-500,8.0,236.0
47-ASR-500,8.5,287.0
47-ASR-500,9.0,338.0
47-ASR-500,9.5,379.0
47-ASR-500,10.0,420.0
47-ASR-500,10.5,445.0
47-ASR-500,11.0,470.0
47-ASR-500,11.5,482.5
47-ASR-500,12.0,495.0
47-ASR-500,12.5,497.5
47-ASR-500,13.0,500.0
47-ASR-500,13.5,500.0
47-ASR-500,14.0,500.0
47-ASR-500,14.5,500.0
47-ASR-500,15.0,500.0
47-ASR-500,15.5,500.0
47-ASR-500,16.0,500.0
47-ASR-500,16.5,500.0
47-ASR-500,17.0,500.0
47-ASR-500,17.5,500.0
47-ASR-500,18.0,500.0
47-ASR-500,18.5,500.0
47-ASR-500,19.0,500.0
47-ASR-500,19.5,500.0
47-ASR-500,20.0,500.0
47-ASR-500,20.5,500.0
47-ASR-500,21.0,500.0
47-ASR-500,21.5,500.0
47-ASR-500,22.0,500.0
47-ASR-500,22.5,500.0
47-ASR-500,23.0,500.0
47-ASR-500,23.5,500.0
47-ASR-500,24.0,500.0
47-ASR-500,24.5,500.0
47-ASR-500,25.0,500.0
GP56-500,0.0,0.0
GP56-500,0.5,0.0
GP56-500,1.0,0.0
GP56-500,1.5,0.0
GP56-500,2.0,0.0
GP56-500,2.5,0.0
GP56-500,3.0,5.8
GP56-500,3.5,16.8
GP56-500,4.0,31.5
GP56-500,4.5,50.2
GP56-500,5.0,73.0
GP56-500,5.5,100.8
GP56-500,6.0,134.1
GP56-500,6.5,171.0
GP56-500,7.0,213.8
GP56-500,7.5,262.7
GP56-500,8.0,317.8
GP56-500,8.5,370.3
GP56-500,9.0,417.4
GP56-500,9.5,455.5
GP56-500,10.0,483.8
GP56-500,10.5,500.0
GP56-500,11.0,500.0
GP56-500,11.5,500.0
GP56-500,12.0,500.0
GP56-500,12.5,500.0
GP56-500,13.0,500.0
GP56-500,13.5,500.0
GP56-500,14.0,500.0
GP56-500,14.5,500.0
GP56-500,15.0,500.0
GP56-500,15.5,500.0
GP56-500,16.0,500.0
GP56-500,16.5,500.0
GP56-500,17.0,500.0
GP56-500,17.5,500.0
GP56-500,18.0,500.0
GP56-500,18.5,0.0
GP56-500,19.0,0.0
GP56-500,19.5,0.0
GP56-500,20.0,0.0
GP56-500,20.5,0.0
GP56-500,21.0,0.0
GP56-500,21.5,0.0
GP56-500,22.0,0.0
GP56-500,22.5,0.0
GP56-500,23.0,0.0
GP56-500,23.5,0.0
GP56-500,24.0,0.0
GP56-500,24.5,0.0
GP56-500,25.0,0.0
GP56-400,0.0,0.0
GP56-400,0.5,0.0
GP56-400,1.0,0.0
GP56-400,1.5,0.0
GP56-400,2.0,0.0
GP56-400,2.5,0.0
GP56-400,3.0,5.8
GP56-400,3.5,16.8
GP56-400,4.0,31.5
GP56-400,4.5,50.2
GP56-400,5.0,73.0
GP56-400,5.5,100.8
GP56-400,6.0,134.1
GP56-400,6.5,171.0
GP56-400,7.0,213.8
GP56-400,7.5,261.9
GP56-400,8.0,309.3
GP56-400,8.5,352.4
GP56-400,9.0,387.2
GP56-400,9.5,400.0
GP56-400,10.0,400.0
GP56-400,10.5,400.0
GP56-400,11.0,400.0
GP56-400,11.5,400.0
GP56-400,12.0,400.0
GP56-400,12.5,400.0
GP56-400,13.0,400.0
GP56-400,13.5,400.0
GP56-400,14.0,400.0
GP56-400,14.5,400.0
GP56-400,15.0,400.0
GP56-400,15.5,400.0
GP56-400,16.0,400.0
GP56-400,16.5,400.0
GP56-400,17.0,400.0
GP56-400,17.5,400.0
GP56-400,18.0,400.0
GP56-400,18.5,0.0
GP56-400,19.0,0.0
GP56-400,19.5,0.0
GP56-400,20.0,0.0
GP56-400,20.5,0.0
GP56-400,21.0,0.0
GP56-400,21.5,0.0
GP56-400,22.0,0.0
GP56-400,22.5,0.0
GP56-400,23.0,0.0
GP56-400,23.5,0.0
GP56-400,24.0,0.0
GP56-400,24.5,0.0
GP56-400,25.0,0.0
GW82/1500,0.0,0.0
GW82/1500,0.5,0.0
GW82/1500,1.0,0.0
GW82/1500,1.5,0.0
GW82/1500,2.0,0.0
GW82/1500,2.5,0.0
GW82/1500,3.0,0.0
GW82/1500,3.5,22.34
GW82/1500,4.0,52.08
GW82/1500,4.5,90.26
GW82/1500,5.0,137.93
GW82/1500,5.5,196.17
GW82/1500,6.0,266.02
GW82/1500,6.5,348.53
GW82/1500,7.0,444.77
GW82/1500,7.5,555.78
GW82/1500,8.0,682.63
GW82/1500,8.5,826.37
GW82/1500,9.0,988.06
GW82/1500,9.5,1168.74
GW82/1500,10.0,1369.49
GW82/1500,10.5,1500.0
GW82/1500,11.0,1500.0
GW82/1500,11.5,1500.0
GW82/1500,12.0,1500.0
GW82/1500,12.5,1500.0
GW82/1500,13.0,1500.0
GW82/1500,13.5,1500.0
GW82/1500,14.0,1500.0
GW82/1500,14.5,1500.0
GW82/1500,15.0,1500.0
GW82/1500,15.5,1500.0
GW82/1500,16.0,1500.0
GW82/1500,16.5,1500.0
GW82/1500,17.0,1500.0
GW82/1500,17.5,1500.0
GW82/1500,18.0,1500.0
GW82/1500,18.5,1500.0
GW82/1500,19.0,1500.0
GW82/1500,19.5,1500.0
GW82/1500,20.0,1500.0
GW82/1500,20.5,1500.0
GW82/1500,21.0,1500.0
GW82/1500,21.5,1500.0
GW82/1500,22.0,1500.0
GW82/1500,22.5,0.0
GW82/1500,23.0,0.0
GW82/1500,23.5,0.0
GW82/1500,24.0,0.0
GW82/1500,24.5,0.0
GW82/1500,25.0,0.0
GW87/1500,0.0,0.0
GW87/1500,0.5,0.0
GW87/1500,1.0,0.0
GW87/1500,1.5,0.0
GW87/1500,2.0,0.0
GW87/1500,2.5,0.0
GW87/1500,3.0,0.0
GW87/1500,3.5,25.24
GW87/1500,4.0,58.84
GW87/1500,4.5,101.97
GW87/1500,5.0,155.84
GW87/1500,5.5,221.63
GW87/1500,6.0,300.54
GW87/1500,6.5,393.76
GW87/1500,7.0,502.49
GW87/1500,7.5,627.92
GW87/1500,8.0,771.23
GW87/1500,8.5,933.62
GW87/1500,9.0,1116.3
GW87/1500,9.5,1320.43
GW87/1500,10.0,1500.0
GW87/1500,10.5,1500.0
GW87/1500,11.0,1500.0
GW87/1500,11.5,1500.0
GW87/1500,12.0,1500.0
GW87/1500,12.5,1500.0
GW87/1500,13.0,1500.0
GW87/1500,13.5,1500.0
GW87/1500,14.0,1500.0
GW87/1500,14.5,1500.0
GW87/1500,15.0,1500.0
GW87/1500,15.5,1500.0
GW87/1500,16.0,1500.0
GW87/1500,16.5,1500.0
GW87/1500,17.0,1500.0
GW87/1500,17.5,1500.0
GW87/1500,18.0,1500.0
GW87/1500,18.5,1500.0
GW87/1500,19.0,1500.0
GW87/1500,19.5,1500.0
GW87/1500,20.0,1500.0
GW87/1500,20.5,1500.0
GW87/1500,21.0,1500.0
GW87/1500,21.5,1500.0
GW87/1500,22.0,1500.0
GW87/1500,22.5,0.0
GW87/1500,23.0,0.0
GW87/1500,23.5,0.0
GW87/1500,24.0,0.0
GW87/1500,24.5,0.0
GW87/1500,25.0,0.0
AN Bonus 1000/54,0.0,0.0
AN Bonus 1000/54,0.5,0.0
AN Bonus 1000/54,1.0,0.0
AN Bonus 1000/54,1.5,0.0
AN Bonus 1000/54,2.0,0.0
AN Bonus 1000/54,2.5,0.0
AN Bonus 1000/54,3.0,0.0
AN Bonus 1000/54,3.5,4.74
AN Bonus 1000/54,4.0,11.05
AN Bonus 1000/54,4.5,19.15
AN Bonus 1000/54,5.0,29.27
AN Bonus 1000/54,5.5,41.63
AN Bonus 1000/54,6.0,56.45
AN Bonus 1000/54,6.5,73.96
AN Bonus 1000/54,7.0,94.38
AN Bonus 1000/54,7.5,117.94
AN Bonus 1000/54,8.0,144.86
AN Bonus 1000/54,8.5,175.37
AN Bonus 1000/54,9.0,209.68
AN Bonus 1000/54,9.5,248.02
AN Bonus 1000/54,10.0,290.62
AN Bonus 1000/54,10.5,337.7
AN Bonus 1000/54,11.0,389.49
AN Bonus 1000/54,11.5,446.2
AN Bonus 1000/54,12.0,508.06
AN Bonus 1000/54,12.5,575.31
AN Bonus 1000/54,13.0,648.15
AN Bonus 1000/54,13.5,726.81
AN Bonus 1000/54,14.0,811.53
AN Bonus 1000/54,14.5,902.52
AN Bonus 1000/54,15.0,1000.0
AN Bonus 1000/54,15.5,1000.0
AN Bonus 1000/54,16.0,1000.0
AN Bonus 1000/54,16.5,1000.0
AN Bonus 1000/54,17.0,1000.0
AN Bonus 1000/54,17.5,1000.0
AN Bonus 1000/54,18.0,1000.0
AN Bonus 1000/54,18.5,1000.0
AN Bonus 1000/54,19.0,1000.0
AN Bonus 1000/54,19.5,1000.0
AN Bonus 1000/54,20.0,1000.0
AN Bonus 1000/54,20.5,1000.0
AN Bonus 1000/54,21.0,1000.0
AN Bonus 1000/54,21.5,1000.0
AN Bonus 1000/54,22.0,1000.0
AN Bonus 1000/54,22.5,1000.0
AN Bonus 1000/54,23.0,1000.0
AN Bonus 1000/54,23.5,1000.0
AN Bonus 1000/54,24.0,1000.0
AN Bonus 1000/54,24.5,1000.0
AN Bonus 1000/54,25.0,1000.0
