hour_of_year,wind_speed_ms
1,4.6
2,4.93
3,5.28
4,5.56
5,5.86
6,6.2
7,6.63
8,7.18
9,7.86
10,8.2
11,7.76
12,7.12
13,6.49
14,5.93
15,5.63
16,5.23
17,4.68
18,5.12
19,5.45
20,5.53
21,5.46
22,5.38
23,5.36
24,5.38
25,5.4
26,5.52
27,5.72
28,5.86
29,5.91
30,5.96
31,6.16
32,6.59
33,6.86
34,6.75
35,5.82
36,4.86
37,4.0
38,3.34
39,2.92
40,2.81
41,2.7
42,3.46
43,4.13
44,4.59
45,4.69
46,4.56
47,4.3
48,3.98
49,3.71
50,3.53
51,3.47
52,3.5
53,3.6
54,3.69
55,3.71
56,4.38
57,4.28
58,3.88
59,3.18
60,2.46
61,1.8
62,1.51
63,1.75
64,2.01
65,2.08
66,2.13
67,1.89
68,1.54
69,1.2
70,1.0
71,1.08
72,1.35
73,1.63
74,1.88
75,2.16
76,2.31
77,2.25
78,2.1
79,1.95
80,1.56
81,1.79
82,2.24
83,2.22
84,2.13
85,2.35
86,2.83
87,3.13
88,3.3
89,2.95
90,3.16
91,3.1
92,2.92
93,2.62
94,2.32
95,2.0
96,1.72
97,1.48
98,1.12
99,0.96
100,1.13
101,1.27
102,1.59
103,2.01
104,2.35
105,1.7
106,1.28
107,1.79
108,2.21
109,2.41
110,2.83
111,3.15
112,3.32
113,2.91
114,2.95
115,2.72
116,2.52
117,2.32
118,2.2
119,2.05
120,1.84
121,1.74
122,1.85
123,2.19
124,2.49
125,2.67
126,2.8
127,3.05
128,3.79
129,3.24
130,2.14
131,1.35
132,1.11
133,1.12
134,1.34
135,1.43
136,1.4
137,1.2
138,0.97
139,0.66
140,1.02
141,1.32
142,1.46
143,1.66
144,1.96
145,2.4
146,3.0
147,3.69
148,4.89
149,5.71
150,6.18
151,6.53
152,6.99
153,7.09
154,6.91
155,5.99
156,4.91
157,4.25
158,3.92
159,3.72
160,3.46
161,2.58
162,2.71
163,2.79
164,2.62
165,2.29
166,2.14
167,2.32
168,2.75
169,3.32
170,3.88
171,4.35
172,4.63
173,4.79
174,4.8
175,4.51
176,4.42
177,3.85
178,2.59
179,1.11
180,0.27
181,0.93
182,1.31
183,1.36
184,1.35
185,1.26
186,0.99
187,0.28
188,0.8
189,1.63
190,2.26
191,2.75
192,3.11
193,3.33
194,3.48
195,3.57
196,3.59
197,3.59
198,3.61
199,3.5
200,3.81
201,3.73
202,3.64
203,3.54
204,3.54
205,3.54
206,3.62
207,3.52
208,2.84
209,1.93
210,1.66
211,1.74
212,2.31
213,3.14
214,3.91
215,4.6
216,4.95
217,4.94
218,4.85
219,4.6
220,4.75
221,4.97
222,5.11
223,5.48
224,6.69
225,7.34
226,7.88
227,7.81
228,7.54
229,7.25
230,6.9
231,6.18
232,5.43
233,4.42
234,4.73
235,5.3
236,6.07
237,6.17
238,6.31
239,6.43
240,6.21
241,6.17
242,6.27
243,6.69
244,6.9
245,6.85
246,6.96
247,7.28
248,7.69
249,8.12
250,8.46
251,8.13
252,7.6
253,6.75
254,5.56
255,4.54
256,3.72
257,3.16
258,4.01
259,5.0
260,6.11
261,6.79
262,7.0
263,7.15
264,7.31
265,7.41
266,7.45
267,7.49
268,7.52
269,7.52
270,7.48
271,7.52
272,7.63
273,7.66
274,7.88
275,7.85
276,7.88
277,8.03
278,7.95
279,7.61
280,7.04
281,5.71
282,4.94
283,6.41
284,8.84
285,9.29
286,8.13
287,6.46
288,5.28
289,4.4
290,3.51
291,3.33
292,3.24
293,3.12
294,2.84
295,2.57
296,2.29
297,2.06
298,3.29
299,3.92
300,4.43
301,5.02
302,5.68
303,6.09
304,6.1
305,4.96
306,4.59
307,4.5
308,4.49
309,4.66
310,5.14
311,5.56
312,5.57
313,5.24
314,4.71
315,4.09
316,3.52
317,3.01
318,2.6
319,2.25
320,1.99
321,1.27
322,0.3
323,0.99
324,1.55
325,2.03
326,2.2
327,2.06
328,1.73
329,1.28
330,0.96
331,0.73
332,1.35
333,2.05
334,2.64
335,3.15
336,3.56
337,3.78
338,4.05
339,4.32
340,4.47
341,4.58
342,4.6
343,4.62
344,5.04
345,4.65
346,4.08
347,3.47
348,2.95
349,2.4
350,2.04
351,2.32
352,2.55
353,2.21
354,2.45
355,2.52
356,2.57
357,2.79
358,2.96
359,2.74
360,2.42
361,2.63
362,3.1
363,3.6
364,3.98
365,4.28
366,4.41
367,4.34
368,4.85
369,4.45
370,3.43
371,2.29
372,1.37
373,0.93
374,1.61
375,2.23
376,2.52
377,2.37
378,2.56
379,2.5
380,2.42
381,2.35
382,2.33
383,2.36
384,2.27
385,2.21
386,2.21
387,2.16
388,2.14
389,1.91
390,1.62
391,1.45
392,1.17
393,0.33
394,0.91
395,1.38
396,1.92
397,2.48
398,2.8
399,2.94
400,2.94
401,2.5
402,2.77
403,2.77
404,2.88
405,2.93
406,2.68
407,2.21
408,1.75
409,1.76
410,2.06
411,2.72
412,3.52
413,4.03
414,4.29
415,4.38
416,4.99
417,4.68
418,4.6
419,4.14
420,3.51
421,2.69
422,2.07
423,1.66
424,1.4
425,0.99
426,1.42
427,2.0
428,2.63
429,3.2
430,3.6
431,3.85
432,4.03
433,4.14
434,4.17
435,4.17
436,4.15
437,4.09
438,4.09
439,4.13
440,4.9
441,5.01
442,5.38
443,5.23
444,4.82
445,4.13
446,3.36
447,2.6
448,1.91
449,1.2
450,1.46
451,1.77
452,2.02
453,2.25
454,2.53
455,2.85
456,3.06
457,3.2
458,3.27
459,3.23
460,3.25
461,3.31
462,3.31
463,3.21
464,3.28
465,2.71
466,1.9
467,1.19
468,0.3
469,1.03
470,2.04
471,2.85
472,3.37
473,3.24
474,3.64
475,3.69
476,3.68
477,3.64
478,3.51
479,3.43
480,3.42
481,3.45
482,3.5
483,3.56
484,3.47
485,3.09
486,2.61
487,2.2
488,2.2
489,1.87
490,1.48
491,1.2
492,0.72
493,0.49
494,0.84
495,1.35
496,1.61
497,1.8
498,1.9
499,1.33
500,1.0
501,1.25
502,1.97
503,2.62
504,3.16
505,3.7
506,4.16
507,4.48
508,4.77
509,4.96
510,5.11
511,5.43
512,6.24
513,6.2
514,6.45
515,6.05
516,5.77
517,5.51
518,5.27
519,5.13
520,4.95
521,3.95
522,4.36
523,4.85
524,5.1
525,5.22
526,5.18
527,5.09
528,5.07
529,5.08
530,5.03
531,5.21
532,5.28
533,5.24
534,5.25
535,5.56
536,6.05
537,6.58
538,6.85
539,6.38
540,5.83
541,5.19
542,4.57
543,4.2
544,4.03
545,3.01
546,3.33
547,3.76
548,4.17
549,4.52
550,4.67
551,4.65
552,4.59
553,4.53
554,4.49
555,4.57
556,4.64
557,4.67
558,4.65
559,4.64
560,5.11
561,4.42
562,3.96
563,2.93
564,1.96
565,1.24
566,0.69
567,0.36
568,0.95
569,1.72
570,2.76
571,3.48
572,3.74
573,3.6
574,3.15
575,2.88
576,2.83
577,2.66
578,2.85
579,3.16
580,3.38
581,3.48
582,3.5
583,3.25
584,3.07
585,3.12
586,3.48
587,2.71
588,2.62
589,3.17
590,3.71
591,4.09
592,4.11
593,3.41
594,3.1
595,3.11
596,3.14
597,3.23
598,3.25
599,3.26
600,3.25
601,3.21
602,3.29
603,3.39
604,3.33
605,3.05
606,2.69
607,2.37
608,2.2
609,1.81
610,1.87
611,2.59
612,3.37
613,3.72
614,3.83
615,4.35
616,5.46
617,6.28
618,6.49
619,6.31
620,5.76
621,4.66
622,3.88
623,3.88
624,3.85
625,4.09
626,4.07
627,3.88
628,3.94
629,4.04
630,4.13
631,4.22
632,5.19
633,5.68
634,6.11
635,6.5
636,6.8
637,7.02
638,7.06
639,6.9
640,6.68
641,5.75
642,5.04
643,4.82
644,4.58
645,4.97
646,6.59
647,7.77
648,7.64
649,6.89
650,6.2
651,5.48
652,4.86
653,4.33
654,3.74
655,3.07
656,2.69
657,2.08
658,1.92
659,2.29
660,3.18
661,4.07
662,4.81
663,5.26
664,5.44
665,4.95
666,4.5
667,4.5
668,4.42
669,4.27
670,4.09
671,4.37
672,4.7
673,4.84
674,4.88
675,4.79
676,4.64
677,4.42
678,4.14
679,3.75
680,3.66
681,2.65
682,1.73
683,1.63
684,1.89
685,2.28
686,2.57
687,2.88
688,3.39
689,3.39
690,4.03
691,4.11
692,3.79
693,3.42
694,3.24
695,2.99
696,2.21
697,1.11
698,0.77
699,1.62
700,2.26
701,3.15
702,3.7
703,4.12
704,5.17
705,5.16
706,5.07
707,4.49
708,3.61
709,2.84
710,2.48
711,2.45
712,2.75
713,2.75
714,3.29
715,3.37
716,3.41
717,3.36
718,3.23
719,3.06
720,3.0
721,2.93
722,3.16
723,3.48
724,3.72
725,3.8
726,3.84
727,3.61
728,3.64
729,3.08
730,2.37
731,2.4
732,2.97
733,3.51
734,4.05
735,4.4
736,4.56
737,4.0
738,3.73
739,3.62
740,3.55
741,3.58
742,3.57
743,3.33
744,2.99
745,2.99
746,3.09
747,3.19
748,3.36
749,3.51
750,3.72
751,3.92
752,5.07
753,5.66
754,5.37
755,4.32
756,3.5
757,2.86
758,2.39
759,1.88
760,1.51
761,1.08
762,0.74
763,0.11
764,0.53
765,1.11
766,1.7
767,2.29
768,2.83
769,3.28
770,3.62
771,3.83
772,3.95
773,3.99
774,4.05
775,4.04
776,4.48
777,3.96
778,3.76
779,3.12
780,2.57
781,2.2
782,1.78
783,1.42
784,1.21
785,1.12
786,1.48
787,1.56
788,1.71
789,1.9
790,2.22
791,2.57
792,2.98
793,3.52
794,3.85
795,4.11
796,4.32
797,4.4
798,4.29
799,3.89
800,3.82
801,2.79
802,1.69
803,1.14
804,1.67
805,2.55
806,3.48
807,4.24
808,4.72
809,4.77
810,4.28
811,4.29
812,4.06
813,4.0
814,4.07
815,4.14
816,4.18
817,4.24
818,4.24
819,4.21
820,4.2
821,4.17
822,4.09
823,3.86
824,4.53
825,5.01
826,4.76
827,4.08
828,3.31
829,2.53
830,1.66
831,0.99
832,0.86
833,0.92
834,1.23
835,1.11
836,0.74
837,0.66
838,0.98
839,1.49
840,2.09
841,2.7
842,3.14
843,3.55
844,3.9
845,4.26
846,4.55
847,5.07
848,5.85
849,6.25
850,6.25
851,5.64
852,4.84
853,3.95
854,2.94
855,2.26
856,1.99
857,1.62
858,2.11
859,2.47
860,2.63
861,2.54
862,2.27
863,1.93
864,1.74
865,1.93
866,2.66
867,3.37
868,3.61
869,3.44
870,3.29
871,3.09
872,3.11
873,3.25
874,3.28
875,3.27
876,3.32
877,3.5
878,3.88
879,4.27
880,4.54
881,4.4
882,4.34
883,4.34
884,4.16
885,3.98
886,3.83
887,3.71
888,3.41
889,2.69
890,1.52
891,0.31
892,1.56
893,2.85
894,3.76
895,4.66
896,5.7
897,5.57
898,5.23
899,4.53
900,3.74
901,2.89
902,2.22
903,1.73
904,1.31
905,0.98
906,0.89
907,0.42
908,0.3
909,0.89
910,1.39
911,1.88
912,2.41
913,2.93
914,3.43
915,3.78
916,3.95
917,4.0
918,4.01
919,3.83
920,4.05
921,3.29
922,2.61
923,1.86
924,1.25
925,0.63
926,0.14
927,0.76
928,1.28
929,2.01
930,2.81
931,3.06
932,3.2
933,3.29
934,3.43
935,3.68
936,3.91
937,4.06
938,4.04
939,3.8
940,3.49
941,3.18
942,2.98
943,2.79
944,3.2
945,2.94
946,2.73
947,2.46
948,2.04
949,1.44
950,0.72
951,0.26
952,0.6
953,1.21
954,1.85
955,1.79
956,1.41
957,1.37
958,2.01
959,2.8
960,3.42
961,3.8
962,4.07
963,4.23
964,4.19
965,3.97
966,3.76
967,3.56
968,4.2
969,4.01
970,4.02
971,3.72
972,3.41
973,2.85
974,2.2
975,1.7
976,1.16
977,0.25
978,0.33
979,0.59
980,1.11
981,1.68
982,2.13
983,2.45
984,2.77
985,3.09
986,3.45
987,3.78
988,3.96
989,4.01
990,4.02
991,3.93
992,4.47
993,3.89
994,3.72
995,3.54
996,3.39
997,3.27
998,3.07
999,2.86
1000,2.55
1001,1.44
1002,0.7
1003,0.71
1004,1.49
1005,2.22
1006,2.82
1007,3.33
1008,3.75
1009,3.97
1010,3.97
1011,3.97
1012,3.99
1013,4.01
1014,4.06
1015,4.09
1016,5.1
1017,4.73
1018,4.43
1019,3.81
1020,3.46
1021,3.23
1022,2.98
1023,2.65
1024,2.14
1025,1.22
1026,0.69
1027,0.63
1028,1.06
1029,1.44
1030,1.71
1031,1.88
1032,1.91
1033,1.82
1034,1.89
1035,2.13
1036,2.3
1037,2.41
1038,2.34
1039,2.05
1040,1.82
1041,1.2
1042,1.54
1043,2.19
1044,2.85
1045,3.54
1046,4.05
1047,4.27
1048,4.31
1049,4.12
1050,3.34
1051,3.37
1052,3.48
1053,3.75
1054,4.05
1055,4.14
1056,3.85
1057,3.45
1058,3.05
1059,2.88
1060,3.13
1061,3.47
1062,3.77
1063,4.2
1064,4.55
1065,4.28
1066,3.03
1067,1.74
1068,1.3
1069,1.93
1070,2.62
1071,3.16
1072,3.57
1073,3.61
1074,3.41
1075,3.29
1076,2.88
1077,2.64
1078,2.56
1079,2.67
1080,2.8
1081,2.88
1082,2.95
1083,2.98
1084,2.89
1085,2.68
1086,2.42
1087,2.07
1088,1.93
1089,1.23
1090,1.47
1091,1.92
1092,2.41
1093,2.72
1094,2.87
1095,3.28
1096,3.97
1097,4.43
1098,4.37
1099,4.21
1100,3.75
1101,3.58
1102,3.59
1103,3.4
1104,3.06
1105,2.82
1106,2.83
1107,2.91
1108,2.91
1109,2.92
1110,2.96
1111,2.8
1112,2.9
1113,1.96
1114,1.56
1115,1.65
1116,1.64
1117,1.49
1118,1.22
1119,1.04
1120,1.31
1121,2.44
1122,3.55
1123,3.67
1124,3.43
1125,3.15
1126,3.11
1127,3.29
1128,3.37
1129,3.36
1130,3.23
1131,3.03
1132,2.88
1133,2.77
1134,2.67
1135,2.6
1136,3.08
1137,2.72
1138,1.84
1139,1.31
1140,1.02
1141,0.84
1142,0.55
1143,0.5
1144,0.62
1145,0.75
1146,0.86
1147,1.24
1148,1.71
1149,2.11
1150,2.6
1151,3.3
1152,3.92
1153,4.14
1154,3.87
1155,3.51
1156,3.47
1157,3.43
1158,3.25
1159,2.96
1160,2.84
1161,1.99
1162,0.82
1163,0.34
1164,1.11
1165,1.92
1166,2.45
1167,2.76
1168,3.24
1169,3.14
1170,3.66
1171,3.71
1172,3.51
1173,3.38
1174,3.39
1175,3.4
1176,3.38
1177,3.38
1178,3.34
1179,3.11
1180,2.93
1181,2.93
1182,3.04
1183,3.02
1184,3.37
1185,3.2
1186,3.22
1187,3.36
1188,2.95
1189,2.68
1190,2.72
1191,3.19
1192,4.04
1193,4.87
1194,5.27
1195,5.21
1196,4.57
1197,3.7
1198,3.5
1199,4.03
1200,4.79
1201,5.45
1202,5.45
1203,4.51
1204,3.33
1205,2.57
1206,2.38
1207,2.32
1208,3.18
1209,3.66
1210,2.57
1211,1.58
1212,0.76
1213,0.23
1214,0.67
1215,1.04
1216,1.2
1217,1.27
1218,1.21
1219,0.56
1220,0.7
1221,1.32
1222,1.91
1223,2.6
1224,3.0
1225,3.31
1226,3.62
1227,3.94
1228,4.41
1229,5.04
1230,5.83
1231,6.48
1232,6.39
1233,6.49
1234,5.7
1235,4.43
1236,3.03
1237,2.15
1238,1.45
1239,1.72
1240,1.97
1241,1.42
1242,2.56
1243,2.26
1244,2.23
1245,2.88
1246,2.6
1247,2.55
1248,2.91
1249,3.29
1250,3.47
1251,3.54
1252,3.7
1253,3.88
1254,4.02
1255,4.25
1256,4.98
1257,5.11
1258,4.71
1259,4.07
1260,3.65
1261,3.31
1262,2.76
1263,2.19
1264,1.77
1265,0.92
1266,1.12
1267,2.36
1268,2.36
1269,2.8
1270,3.66
1271,4.15
1272,3.79
1273,2.86
1274,2.29
1275,2.48
1276,2.44
1277,2.27
1278,2.07
1279,1.91
1280,2.21
1281,1.97
1282,1.44
1283,0.64
1284,0.41
1285,1.4
1286,2.23
1287,2.88
1288,3.35
1289,3.61
1290,3.54
1291,3.5
1292,3.4
1293,3.34
1294,3.33
1295,3.52
1296,3.75
1297,3.91
1298,3.94
1299,3.81
1300,3.55
1301,3.39
1302,3.12
1303,2.72
1304,2.47
1305,1.81
1306,1.23
1307,1.37
1308,2.06
1309,2.81
1310,3.44
1311,3.96
1312,4.3
1313,4.61
1314,4.52
1315,4.65
1316,3.89
1317,3.55
1318,3.56
1319,3.47
1320,3.11
1321,2.68
1322,2.57
1323,2.69
1324,2.82
1325,2.62
1326,2.44
1327,2.26
1328,2.28
1329,2.13
1330,2.18
1331,2.76
1332,3.38
1333,4.34
1334,4.93
1335,4.98
1336,4.8
1337,4.7
1338,3.98
1339,3.91
1340,3.47
1341,3.01
1342,2.66
1343,2.31
1344,1.95
1345,1.61
1346,1.44
1347,1.56
1348,1.7
1349,1.61
1350,1.35
1351,1.14
1352,1.21
1353,1.62
1354,2.17
1355,2.85
1356,3.66
1357,4.42
1358,4.79
1359,4.81
1360,4.7
1361,4.5
1362,3.42
1363,3.22
1364,3.06
1365,2.98
1366,2.91
1367,2.93
1368,2.91
1369,2.83
1370,2.71
1371,2.65
1372,2.5
1373,2.25
1374,2.0
1375,1.87
1376,2.53
1377,3.37
1378,4.03
1379,4.63
1380,5.3
1381,6.02
1382,6.58
1383,6.82
1384,6.79
1385,6.31
1386,5.28
1387,4.98
1388,4.67
1389,4.43
1390,4.43
1391,4.46
1392,4.42
1393,4.52
1394,4.64
1395,4.59
1396,4.6
1397,4.3
1398,3.94
1399,3.91
1400,4.25
1401,4.18
1402,4.25
1403,4.41
1404,4.81
1405,5.37
1406,5.75
1407,5.95
1408,6.03
1409,5.93
1410,5.17
1411,4.59
1412,3.94
1413,3.49
1414,3.25
1415,3.09
1416,2.87
1417,2.7
1418,2.78
1419,2.69
1420,2.51
1421,2.35
1422,2.21
1423,2.08
1424,2.2
1425,1.52
1426,0.73
1427,0.39
1428,0.99
1429,1.98
1430,2.93
1431,3.75
1432,4.35
1433,4.8
1434,4.55
1435,4.68
1436,4.26
1437,3.95
1438,3.91
1439,3.9
1440,3.89
1441,3.91
1442,3.94
1443,3.9
1444,3.81
1445,3.73
1446,3.59
1447,3.42
1448,3.41
1449,2.74
1450,1.82
1451,1.2
1452,1.43
1453,2.15
1454,3.09
1455,4.03
1456,4.86
1457,5.74
1458,5.8
1459,5.78
1460,5.09
1461,4.34
1462,4.13
1463,4.1
1464,4.06
1465,4.03
1466,4.06
1467,4.07
1468,3.97
1469,3.79
1470,3.52
1471,3.35
1472,3.49
1473,3.53
1474,3.1
1475,3.21
1476,3.95
1477,4.82
1478,5.51
1479,5.81
1480,5.81
1481,5.81
1482,5.16
1483,4.83
1484,4.68
1485,4.66
1486,4.7
1487,4.79
1488,4.74
1489,4.71
1490,4.84
1491,4.99
1492,4.98
1493,4.95
1494,4.84
1495,5.48
1496,6.44
1497,6.66
1498,6.9
1499,7.16
1500,7.48
1501,7.82
1502,7.94
1503,7.92
1504,7.9
1505,7.62
1506,6.51
1507,5.74
1508,5.3
1509,5.21
1510,5.19
1511,5.18
1512,5.16
1513,5.18
1514,5.12
1515,4.95
1516,4.71
1517,4.3
1518,3.97
1519,4.08
1520,4.56
1521,4.74
1522,4.95
1523,5.31
1524,5.82
1525,6.34
1526,6.6
1527,6.84
1528,7.1
1529,7.02
1530,5.92
1531,5.74
1532,6.38
1533,7.54
1534,7.75
1535,6.27
1536,5.31
1537,4.7
1538,4.58
1539,4.4
1540,4.17
1541,4.03
1542,3.96
1543,4.15
1544,4.33
1545,3.66
1546,3.05
1547,2.53
1548,2.44
1549,2.99
1550,3.79
1551,4.66
1552,5.42
1553,6.06
1554,5.87
1555,5.78
1556,5.15
1557,4.61
1558,4.44
1559,4.3
1560,4.12
1561,3.8
1562,3.32
1563,2.72
1564,2.18
1565,1.89
1566,1.84
1567,1.84
1568,1.44
1569,1.22
1570,1.64
1571,2.6
1572,3.74
1573,4.72
1574,5.18
1575,5.3
1576,5.24
1577,5.02
1578,3.9
1579,3.84
1580,3.86
1581,3.89
1582,3.89
1583,3.82
1584,3.71
1585,3.55
1586,3.25
1587,2.82
1588,2.31
1589,1.8
1590,1.61
1591,1.92
1592,2.5
1593,2.65
1594,2.94
1595,3.06
1596,3.02
1597,2.98
1598,3.1
1599,3.31
1600,3.59
1601,4.05
1602,4.07
1603,4.13
1604,3.83
1605,3.72
1606,3.75
1607,3.89
1608,4.02
1609,4.13
1610,4.03
1611,3.77
1612,3.48
1613,3.19
1614,2.95
1615,2.89
1616,2.82
1617,2.25
1618,1.29
1619,0.39
1620,1.14
1621,2.37
1622,3.3
1623,3.88
1624,4.36
1625,4.84
1626,4.86
1627,5.05
1628,4.78
1629,4.56
1630,4.55
1631,4.62
1632,4.74
1633,4.83
1634,4.81
1635,4.55
1636,4.11
1637,3.7
1638,3.37
1639,3.33
1640,2.98
1641,2.24
1642,2.18
1643,3.38
1644,4.88
1645,6.25
1646,7.08
1647,7.5
1648,7.77
1649,7.81
1650,7.05
1651,6.72
1652,6.88
1653,6.91
1654,6.78
1655,6.81
1656,7.12
1657,7.16
1658,6.8
1659,6.27
1660,5.72
1661,5.37
1662,5.24
1663,5.93
1664,6.37
1665,6.33
1666,6.2
1667,6.03
1668,5.99
1669,6.11
1670,6.4
1671,7.01
1672,7.72
1673,8.23
1674,7.9
1675,7.38
1676,6.06
1677,5.34
1678,5.28
1679,5.69
1680,5.88
1681,5.75
1682,5.42
1683,5.01
1684,4.7
1685,4.71
1686,4.93
1687,5.71
1688,6.81
1689,7.72
1690,7.73
1691,7.46
1692,7.33
1693,7.28
1694,7.3
1695,7.48
1696,7.53
1697,7.23
1698,6.08
1699,5.48
1700,4.84
1701,4.59
1702,4.64
1703,4.96
1704,4.94
1705,4.92
1706,4.8
1707,4.73
1708,4.61
1709,4.32
1710,4.14
1711,3.92
1712,3.45
1713,2.61
1714,1.94
1715,1.49
1716,1.13
1717,0.91
1718,0.32
1719,0.44
1720,1.0
1721,1.58
1722,1.91
1723,1.73
1724,1.55
1725,1.47
1726,1.52
1727,1.86
1728,2.0
1729,2.4
1730,2.7
1731,2.61
1732,2.36
1733,2.16
1734,2.07
1735,2.04
1736,1.32
1737,0.49
1738,1.06
1739,1.53
1740,2.42
1741,3.56
1742,4.22
1743,4.24
1744,4.37
1745,4.41
1746,3.42
1747,3.23
1748,3.32
1749,3.45
1750,3.36
1751,3.29
1752,3.52
1753,3.74
1754,3.81
1755,3.74
1756,3.53
1757,3.42
1758,3.36
1759,3.58
1760,3.81
1761,3.31
1762,2.06
1763,1.87
1764,1.2
1765,0.29
1766,0.49
1767,0.6
1768,0.79
1769,1.3
1770,1.99
1771,2.29
1772,2.38
1773,2.42
1774,2.37
1775,2.47
1776,2.93
1777,3.47
1778,3.75
1779,3.67
1780,3.65
1781,3.69
1782,3.97
1783,4.94
1784,5.41
1785,5.01
1786,4.4
1787,3.78
1788,3.51
1789,3.18
1790,2.73
1791,2.25
1792,1.84
1793,1.6
1794,2.27
1795,3.16
1796,3.39
1797,3.42
1798,3.43
1799,3.45
1800,3.5
1801,3.58
1802,3.7
1803,3.77
1804,3.76
1805,3.72
1806,3.67
1807,3.69
1808,3.65
1809,2.92
1810,2.39
1811,1.88
1812,1.47
1813,1.42
1814,1.67
1815,2.2
1816,2.8
1817,3.43
1818,3.86
1819,4.09
1820,3.8
1821,3.63
1822,3.65
1823,3.74
1824,3.87
1825,4.02
1826,4.2
1827,4.33
1828,4.33
1829,4.22
1830,4.04
1831,3.85
1832,3.94
1833,3.0
1834,2.59
1835,2.62
1836,2.44
1837,2.22
1838,2.22
1839,2.57
1840,3.18
1841,3.98
1842,4.37
1843,4.58
1844,4.05
1845,3.73
1846,3.66
1847,3.64
1848,3.47
1849,3.28
1850,3.22
1851,3.21
1852,3.06
1853,2.78
1854,2.49
1855,2.31
1856,1.99
1857,1.96
1858,1.91
1859,2.59
1860,3.57
1861,4.64
1862,5.41
1863,5.92
1864,6.3
1865,6.76
1866,6.06
1867,4.87
1868,4.5
1869,4.43
1870,4.42
1871,4.61
1872,4.82
1873,4.73
1874,4.61
1875,4.76
1876,4.59
1877,4.35
1878,4.2
1879,4.56
1880,5.18
1881,5.44
1882,5.72
1883,6.1
1884,6.53
1885,6.8
1886,6.86
1887,6.82
1888,6.7
1889,6.5
1890,6.06
1891,5.43
1892,4.82
1893,4.34
1894,4.19
1895,4.05
1896,4.05
1897,4.0
1898,3.91
1899,3.74
1900,3.79
1901,3.9
1902,3.86
1903,4.63
1904,4.57
1905,4.25
1906,3.73
1907,3.46
1908,3.48
1909,3.82
1910,4.44
1911,4.98
1912,5.0
1913,5.14
1914,5.63
1915,5.65
1916,4.76
1917,3.61
1918,3.35
1919,2.96
1920,2.35
1921,1.99
1922,2.02
1923,2.05
1924,1.93
1925,1.74
1926,1.67
1927,2.07
1928,2.29
1929,2.14
1930,2.2
1931,2.95
1932,3.77
1933,4.43
1934,5.12
1935,5.96
1936,6.88
1937,7.05
1938,6.38
1939,5.08
1940,3.66
1941,2.43
1942,1.66
1943,0.93
1944,0.36
1945,1.32
1946,1.7
1947,0.81
1948,0.32
1949,0.68
1950,0.82
1951,0.94
1952,2.17
1953,2.71
1954,1.52
1955,4.03
1956,5.28
1957,5.76
1958,5.76
1959,5.45
1960,4.83
1961,4.34
1962,4.36
1963,3.71
1964,3.1
1965,2.6
1966,2.33
1967,2.4
1968,2.77
1969,3.13
1970,3.28
1971,3.28
1972,2.92
1973,2.9
1974,2.81
1975,2.72
1976,2.64
1977,2.76
1978,3.27
1979,3.83
1980,4.42
1981,4.85
1982,5.26
1983,5.53
1984,5.49
1985,5.25
1986,4.71
1987,4.16
1988,3.73
1989,3.65
1990,3.69
1991,3.58
1992,3.66
1993,3.82
1994,4.13
1995,4.39
1996,4.37
1997,4.18
1998,3.98
1999,4.72
2000,4.66
2001,4.15
2002,3.86
2003,3.41
2004,3.2
2005,3.59
2006,4.04
2007,4.48
2008,4.84
2009,5.12
2010,4.77
2011,4.43
2012,3.88
2013,3.65
2014,3.71
2015,3.53
2016,3.26
2017,3.24
2018,3.41
2019,3.44
2020,3.25
2021,3.2
2022,3.08
2023,3.02
2024,2.89
2025,1.95
2026,1.43
2027,3.08
2028,4.38
2029,5.25
2030,4.82
2031,3.47
2032,2.53
2033,2.1
2034,2.35
2035,2.75
2036,2.8
2037,2.77
2038,2.5
2039,2.16
2040,2.09
2041,2.34
2042,2.76
2043,3.15
2044,3.32
2045,3.34
2046,3.31
2047,3.81
2048,3.81
2049,3.55
2050,3.37
2051,3.33
2052,3.5
2053,3.76
2054,4.17
2055,4.98
2056,5.55
2057,5.53
2058,4.66
2059,4.11
2060,4.04
2061,4.13
2062,4.23
2063,4.36
2064,4.56
2065,4.6
2066,4.48
2067,4.48
2068,4.54
2069,4.45
2070,4.29
2071,5.06
2072,5.13
2073,4.59
2074,4.02
2075,3.77
2076,3.91
2077,4.45
2078,5.01
2079,5.27
2080,5.48
2081,5.57
2082,5.02
2083,5.03
2084,4.45
2085,3.54
2086,3.32
2087,3.22
2088,3.32
2089,3.38
2090,3.53
2091,3.76
2092,3.63
2093,3.15
2094,2.68
2095,2.83
2096,2.55
2097,2.41
2098,2.36
2099,2.38
2100,2.02
2101,1.52
2102,1.34
2103,1.7
2104,2.57
2105,4.16
2106,5.25
2107,5.27
2108,4.26
2109,3.5
2110,3.29
2111,3.23
2112,2.71
2113,2.32
2114,2.19
2115,2.02
2116,2.0
2117,2.06
2118,1.91
2119,1.71
2120,1.17
2121,0.21
2122,1.69
2123,2.77
2124,3.63
2125,4.36
2126,4.96
2127,5.53
2128,5.57
2129,4.76
2130,3.07
2131,2.73
2132,4.38
2133,4.93
2134,4.87
2135,5.42
2136,5.03
2137,3.76
2138,3.05
2139,2.35
2140,2.56
2141,3.15
2142,3.58
2143,4.37
2144,4.77
2145,5.42
2146,5.76
2147,5.92
2148,5.99
2149,6.06
2150,6.19
2151,6.32
2152,6.4
2153,6.36
2154,5.89
2155,5.42
2156,5.04
2157,4.61
2158,4.4
2159,4.19
2160,4.1
2161,4.01
2162,3.97
2163,4.03
2164,4.15
2165,4.17
2166,4.07
2167,5.05
2168,4.95
2169,4.51
2170,4.16
2171,4.06
2172,4.17
2173,4.46
2174,4.88
2175,5.27
2176,5.46
2177,5.46
2178,5.04
2179,4.47
2180,3.7
2181,3.17
2182,3.01
2183,2.95
2184,2.92
2185,2.85
2186,2.86
2187,2.95
2188,2.98
2189,2.96
2190,2.94
2191,3.47
2192,3.14
2193,2.75
2194,2.07
2195,1.29
2196,0.41
2197,0.68
2198,1.75
2199,2.9
2200,4.19
2201,5.33
2202,6.07
2203,6.21
2204,5.37
2205,4.55
2206,4.05
2207,3.6
2208,3.28
2209,3.11
2210,3.09
2211,3.14
2212,3.15
2213,3.1
2214,3.0
2215,3.45
2216,2.82
2217,2.07
2218,1.45
2219,1.13
2220,0.59
2221,0.64
2222,1.58
2223,2.6
2224,3.59
2225,4.81
2226,5.53
2227,5.58
2228,4.8
2229,3.95
2230,3.42
2231,3.18
2232,3.13
2233,3.05
2234,3.09
2235,3.24
2236,3.41
2237,3.48
2238,3.42
2239,3.99
2240,3.17
2241,2.52
2242,2.05
2243,2.33
2244,3.15
2245,4.0
2246,4.58
2247,5.13
2248,5.59
2249,5.88
2250,5.35
2251,4.66
2252,4.21
2253,3.72
2254,3.56
2255,3.54
2256,3.61
2257,3.69
2258,3.71
2259,3.49
2260,3.15
2261,2.94
2262,2.74
2263,2.93
2264,2.67
2265,2.27
2266,1.42
2267,0.51
2268,1.1
2269,2.11
2270,3.34
2271,4.54
2272,5.36
2273,5.95
2274,5.59
2275,4.58
2276,3.55
2277,2.62
2278,2.22
2279,2.23
2280,2.15
2281,1.97
2282,2.02
2283,2.26
2284,2.39
2285,2.39
2286,2.22
2287,2.26
2288,1.55
2289,1.09
2290,1.36
2291,1.76
2292,2.66
2293,3.75
2294,4.57
2295,5.02
2296,5.27
2297,5.26
2298,4.82
2299,4.15
2300,3.74
2301,3.24
2302,2.91
2303,2.82
2304,2.77
2305,2.7
2306,2.75
2307,2.9
2308,3.13
2309,3.34
2310,3.37
2311,3.92
2312,3.37
2313,2.46
2314,1.89
2315,1.83
2316,2.56
2317,3.54
2318,4.24
2319,4.65
2320,5.01
2321,5.51
2322,5.68
2323,5.4
2324,4.75
2325,3.83
2326,2.95
2327,2.58
2328,2.62
2329,2.64
2330,2.54
2331,2.24
2332,1.81
2333,1.5
2334,1.62
2335,2.36
2336,2.37
2337,1.95
2338,1.49
2339,1.5
2340,2.41
2341,3.69
2342,4.49
2343,4.8
2344,5.01
2345,5.21
2346,5.38
2347,5.18
2348,4.52
2349,3.77
2350,3.11
2351,2.69
2352,2.58
2353,2.7
2354,2.87
2355,2.91
2356,2.76
2357,2.45
2358,2.1
2359,2.2
2360,2.21
2361,2.74
2362,3.44
2363,4.08
2364,4.66
2365,5.23
2366,5.5
2367,5.62
2368,5.76
2369,5.73
2370,5.35
2371,4.87
2372,4.37
2373,3.55
2374,3.02
2375,2.88
2376,2.88
2377,2.95
2378,3.04
2379,2.97
2380,2.66
2381,2.34
2382,1.97
2383,1.92
2384,1.65
2385,1.24
2386,1.69
2387,2.35
2388,3.04
2389,3.57
2390,3.97
2391,4.45
2392,4.87
2393,5.21
2394,5.3
2395,4.78
2396,3.8
2397,2.85
2398,2.39
2399,2.42
2400,2.73
2401,3.0
2402,3.1
2403,3.02
2404,2.79
2405,2.54
2406,2.26
2407,2.68
2408,2.81
2409,2.88
2410,2.71
2411,2.32
2412,2.1
2413,2.05
2414,2.71
2415,3.73
2416,4.58
2417,5.28
2418,5.48
2419,5.08
2420,4.32
2421,3.66
2422,3.12
2423,2.96
2424,2.88
2425,2.78
2426,2.87
2427,2.93
2428,3.03
2429,3.23
2430,3.4
2431,4.3
2432,4.31
2433,4.37
2434,4.43
2435,4.41
2436,4.52
2437,4.59
2438,4.76
2439,5.17
2440,5.4
2441,5.24
2442,4.03
2443,3.33
2444,3.2
2445,3.31
2446,3.43
2447,3.47
2448,3.63
2449,3.97
2450,4.22
2451,4.52
2452,4.66
2453,4.46
2454,4.32
2455,5.15
2456,5.27
2457,5.35
2458,5.27
2459,5.07
2460,5.3
2461,5.6
2462,5.67
2463,5.8
2464,5.9
2465,5.54
2466,4.39
2467,4.01
2468,4.53
2469,4.57
2470,4.77
2471,4.56
2472,4.32
2473,4.31
2474,4.46
2475,4.52
2476,4.52
2477,4.6
2478,4.72
2479,5.93
2480,6.44
2481,5.91
2482,5.38
2483,5.36
2484,5.58
2485,5.78
2486,5.95
2487,6.3
2488,6.67
2489,6.7
2490,5.95
2491,4.76
2492,4.53
2493,4.49
2494,4.17
2495,4.18
2496,4.29
2497,4.2
2498,4.14
2499,4.17
2500,4.17
2501,4.22
2502,4.21
2503,5.18
2504,5.03
2505,4.85
2506,4.73
2507,4.81
2508,4.96
2509,4.99
2510,5.03
2511,5.13
2512,5.21
2513,5.18
2514,4.79
2515,3.99
2516,3.66
2517,3.22
2518,2.87
2519,2.7
2520,2.47
2521,2.27
2522,2.17
2523,2.27
2524,2.53
2525,2.99
2526,3.26
2527,3.86
2528,3.84
2529,3.59
2530,3.46
2531,3.2
2532,2.9
2533,2.92
2534,3.44
2535,4.69
2536,5.35
2537,5.51
2538,4.61
2539,3.84
2540,3.71
2541,3.66
2542,3.67
2543,3.62
2544,3.44
2545,3.3
2546,3.39
2547,3.61
2548,3.66
2549,3.57
2550,3.36
2551,3.97
2552,4.37
2553,4.42
2554,4.54
2555,4.86
2556,5.29
2557,5.8
2558,6.32
2559,6.71
2560,6.88
2561,6.5
2562,5.53
2563,4.3
2564,4.02
2565,3.97
2566,4.05
2567,4.07
2568,4.2
2569,4.29
2570,4.27
2571,4.27
2572,4.22
2573,3.99
2574,3.87
2575,4.58
2576,4.29
2577,4.15
2578,4.32
2579,5.04
2580,5.7
2581,6.12
2582,6.32
2583,6.28
2584,6.11
2585,5.81
2586,5.33
2587,4.83
2588,5.0
2589,5.27
2590,5.43
2591,5.42
2592,5.19
2593,5.09
2594,5.04
2595,4.95
2596,4.41
2597,4.17
2598,4.38
2599,5.14
2600,5.2
2601,5.09
2602,5.02
2603,5.42
2604,5.99
2605,6.68
2606,7.0
2607,6.91
2608,7.01
2609,6.79
2610,6.14
2611,5.24
2612,5.0
2613,4.76
2614,4.41
2615,4.24
2616,4.22
2617,4.26
2618,4.36
2619,4.64
2620,4.91
2621,4.6
2622,4.65
2623,5.24
2624,5.01
2625,4.49
2626,4.03
2627,3.78
2628,4.09
2629,4.71
2630,5.2
2631,5.42
2632,5.49
2633,5.45
2634,5.16
2635,4.54
2636,3.89
2637,3.28
2638,2.95
2639,2.63
2640,2.52
2641,2.4
2642,2.22
2643,2.1
2644,2.01
2645,2.02
2646,2.17
2647,2.81
2648,2.64
2649,2.22
2650,1.94
2651,2.43
2652,3.33
2653,4.32
2654,4.89
2655,5.25
2656,5.49
2657,5.56
2658,5.54
2659,5.28
2660,5.01
2661,4.67
2662,4.21
2663,3.86
2664,3.71
2665,3.66
2666,3.76
2667,3.86
2668,3.77
2669,3.69
2670,4.24
2671,5.15
2672,5.32
2673,5.72
2674,6.02
2675,6.21
2676,6.48
2677,6.71
2678,6.76
2679,6.76
2680,6.79
2681,6.69
2682,6.13
2683,5.2
2684,4.82
2685,4.62
2686,4.56
2687,4.46
2688,4.26
2689,4.16
2690,4.35
2691,4.57
2692,4.72
2693,4.46
2694,4.58
2695,5.31
2696,5.26
2697,5.41
2698,5.6
2699,5.99
2700,6.42
2701,6.83
2702,7.24
2703,7.48
2704,7.58
2705,7.53
2706,7.08
2707,6.52
2708,5.93
2709,5.17
2710,4.57
2711,4.17
2712,4.06
2713,3.93
2714,4.13
2715,4.4
2716,4.58
2717,4.66
2718,5.13
2719,6.22
2720,6.7
2721,6.98
2722,7.15
2723,7.36
2724,7.57
2725,7.7
2726,7.78
2727,7.86
2728,7.87
2729,7.72
2730,7.04
2731,5.98
2732,5.21
2733,4.32
2734,3.64
2735,3.31
2736,3.21
2737,3.21
2738,3.5
2739,3.93
2740,4.24
2741,4.46
2742,5.04
2743,6.25
2744,6.57
2745,6.7
2746,6.94
2747,7.0
2748,6.97
2749,7.08
2750,7.21
2751,7.2
2752,7.03
2753,6.65
2754,5.8
2755,4.77
2756,4.27
2757,3.8
2758,3.39
2759,3.21
2760,3.18
2761,3.17
2762,3.35
2763,3.56
2764,3.73
2765,3.91
2766,4.28
2767,5.42
2768,5.42
2769,5.29
2770,5.4
2771,5.73
2772,6.16
2773,6.51
2774,6.69
2775,6.7
2776,6.58
2777,6.33
2778,5.85
2779,5.12
2780,4.75
2781,4.3
2782,3.96
2783,3.88
2784,3.94
2785,3.91
2786,3.93
2787,4.03
2788,4.27
2789,4.51
2790,4.91
2791,6.11
2792,6.36
2793,6.42
2794,6.57
2795,6.67
2796,6.64
2797,6.61
2798,6.85
2799,7.16
2800,7.47
2801,7.58
2802,7.24
2803,6.53
2804,5.99
2805,5.49
2806,5.08
2807,4.88
2808,4.78
2809,4.79
2810,4.87
2811,4.85
2812,4.84
2813,4.78
2814,5.05
2815,5.69
2816,5.41
2817,4.94
2818,4.36
2819,3.87
2820,3.7
2821,3.91
2822,4.4
2823,4.83
2824,4.97
2825,4.94
2826,4.88
2827,4.65
2828,4.35
2829,3.92
2830,3.76
2831,3.76
2832,3.71
2833,3.65
2834,3.53
2835,3.43
2836,3.24
2837,3.1
2838,3.2
2839,3.86
2840,3.51
2841,3.21
2842,3.05
2843,3.1
2844,3.47
2845,3.92
2846,4.36
2847,4.71
2848,5.1
2849,5.44
2850,5.45
2851,4.95
2852,4.51
2853,3.84
2854,3.06
2855,2.45
2856,2.25
2857,2.23
2858,2.19
2859,2.26
2860,2.42
2861,2.74
2862,3.13
2863,3.92
2864,3.96
2865,4.24
2866,4.53
2867,4.79
2868,4.94
2869,5.16
2870,5.44
2871,5.53
2872,5.43
2873,5.23
2874,4.79
2875,4.08
2876,4.15
2877,4.0
2878,3.86
2879,3.9
2880,3.95
2881,3.89
2882,3.87
2883,3.97
2884,4.08
2885,4.14
2886,4.55
2887,5.78
2888,6.0
2889,6.18
2890,6.39
2891,6.65
2892,6.98
2893,7.32
2894,7.5
2895,7.47
2896,7.39
2897,7.19
2898,6.72
2899,6.05
2900,5.78
2901,5.49
2902,5.2
2903,4.95
2904,4.8
2905,4.74
2906,4.92
2907,5.22
2908,5.46
2909,5.61
2910,6.28
2911,7.22
2912,7.4
2913,7.51
2914,7.6
2915,7.66
2916,7.83
2917,8.11
2918,8.37
2919,8.58
2920,8.66
2921,8.56
2922,7.98
2923,6.98
2924,6.24
2925,5.84
2926,5.63
2927,5.31
2928,5.09
2929,5.11
2930,5.34
2931,5.53
2932,5.57
2933,5.62
2934,6.23
2935,7.37
2936,7.65
2937,7.49
2938,7.18
2939,6.93
2940,6.89
2941,7.13
2942,7.51
2943,7.65
2944,7.41
2945,7.0
2946,6.39
2947,5.53
2948,5.05
2949,4.62
2950,4.27
2951,4.13
2952,4.03
2953,4.27
2954,4.45
2955,4.65
2956,4.81
2957,5.01
2958,5.78
2959,6.72
2960,7.01
2961,6.77
2962,6.43
2963,6.24
2964,6.33
2965,6.52
2966,6.74
2967,6.86
2968,6.83
2969,6.55
2970,5.84
2971,4.87
2972,4.13
2973,3.38
2974,2.75
2975,2.46
2976,2.41
2977,2.52
2978,2.75
2979,2.94
2980,3.1
2981,3.27
2982,3.51
2983,4.37
2984,4.66
2985,4.83
2986,4.66
2987,4.4
2988,4.22
2989,4.17
2990,4.41
2991,4.79
2992,5.01
2993,5.18
2994,5.2
2995,4.68
2996,4.05
2997,3.34
2998,2.95
2999,2.83
3000,2.86
3001,2.9
3002,3.11
3003,3.33
3004,3.48
3005,3.56
3006,3.63
3007,4.53
3008,4.34
3009,3.76
3010,3.46
3011,3.42
3012,3.49
3013,3.61
3014,3.97
3015,4.36
3016,4.74
3017,5.34
3018,5.66
3019,5.27
3020,4.44
3021,3.55
3022,3.06
3023,2.79
3024,2.7
3025,2.84
3026,3.18
3027,3.56
3028,3.8
3029,3.93
3030,4.06
3031,4.96
3032,4.55
3033,4.03
3034,4.06
3035,4.46
3036,4.94
3037,5.57
3038,6.1
3039,6.37
3040,6.44
3041,6.21
3042,5.47
3043,4.53
3044,4.54
3045,4.53
3046,4.35
3047,4.21
3048,4.09
3049,4.0
3050,3.95
3051,3.9
3052,3.97
3053,3.95
3054,3.94
3055,4.57
3056,4.58
3057,4.69
3058,4.96
3059,5.17
3060,5.61
3061,6.1
3062,6.25
3063,6.17
3064,6.09
3065,6.0
3066,5.65
3067,5.05
3068,4.6
3069,4.24
3070,3.64
3071,3.55
3072,3.31
3073,3.19
3074,3.28
3075,3.38
3076,3.39
3077,3.4
3078,3.77
3079,4.53
3080,4.45
3081,4.17
3082,4.09
3083,4.29
3084,4.62
3085,4.96
3086,5.24
3087,5.35
3088,5.25
3089,4.96
3090,4.68
3091,4.26
3092,4.13
3093,3.94
3094,3.7
3095,3.53
3096,3.57
3097,3.48
3098,3.36
3099,3.29
3100,3.29
3101,3.4
3102,3.92
3103,4.68
3104,4.95
3105,5.27
3106,5.47
3107,5.55
3108,5.42
3109,5.18
3110,4.9
3111,4.8
3112,4.85
3113,5.07
3114,5.41
3115,5.34
3116,4.94
3117,4.48
3118,4.13
3119,3.9
3120,3.72
3121,3.64
3122,3.66
3123,3.71
3124,3.72
3125,3.71
3126,4.18
3127,4.78
3128,4.88
3129,5.11
3130,5.42
3131,5.77
3132,5.97
3133,5.98
3134,5.95
3135,6.02
3136,6.07
3137,6.16
3138,6.2
3139,5.92
3140,5.62
3141,5.24
3142,5.01
3143,4.9
3144,4.97
3145,5.08
3146,5.16
3147,5.18
3148,5.16
3149,5.17
3150,5.65
3151,6.31
3152,6.43
3153,6.44
3154,6.47
3155,6.46
3156,6.27
3157,5.98
3158,5.89
3159,5.99
3160,6.12
3161,6.09
3162,5.82
3163,5.27
3164,4.84
3165,4.41
3166,4.02
3167,3.92
3168,4.0
3169,3.98
3170,3.75
3171,3.49
3172,3.31
3173,3.18
3174,3.53
3175,3.85
3176,3.66
3177,3.54
3178,3.61
3179,3.96
3180,4.51
3181,5.07
3182,5.47
3183,5.68
3184,5.78
3185,5.86
3186,5.71
3187,5.3
3188,4.94
3189,4.57
3190,4.21
3191,3.87
3192,3.63
3193,3.72
3194,3.8
3195,3.67
3196,3.5
3197,3.32
3198,3.62
3199,3.94
3200,3.73
3201,3.61
3202,3.53
3203,3.5
3204,3.67
3205,4.07
3206,4.54
3207,4.88
3208,5.04
3209,5.12
3210,5.04
3211,4.55
3212,3.92
3213,3.16
3214,2.59
3215,2.39
3216,2.35
3217,2.34
3218,2.52
3219,2.72
3220,2.84
3221,2.94
3222,3.35
3223,4.5
3224,4.44
3225,3.88
3226,3.09
3227,2.36
3228,1.97
3229,2.09
3230,2.82
3231,3.77
3232,4.53
3233,5.21
3234,5.94
3235,6.08
3236,5.68
3237,5.21
3238,4.89
3239,4.65
3240,4.48
3241,4.32
3242,4.31
3243,4.32
3244,4.28
3245,4.24
3246,4.75
3247,5.33
3248,5.23
3249,5.01
3250,4.86
3251,4.63
3252,4.53
3253,4.76
3254,5.03
3255,5.14
3256,5.19
3257,5.34
3258,5.6
3259,5.46
3260,5.4
3261,5.24
3262,5.05
3263,4.89
3264,5.09
3265,5.12
3266,4.94
3267,4.81
3268,4.72
3269,4.64
3270,5.05
3271,5.81
3272,5.75
3273,5.72
3274,5.88
3275,5.98
3276,6.02
3277,6.0
3278,5.94
3279,5.78
3280,5.58
3281,5.5
3282,5.35
3283,4.8
3284,4.77
3285,4.71
3286,4.68
3287,4.66
3288,4.54
3289,4.38
3290,4.34
3291,4.42
3292,4.6
3293,4.57
3294,4.8
3295,5.47
3296,5.49
3297,5.43
3298,5.53
3299,5.64
3300,5.54
3301,5.21
3302,4.99
3303,4.82
3304,4.74
3305,4.81
3306,4.52
3307,3.9
3308,3.62
3309,3.28
3310,3.04
3311,2.9
3312,2.83
3313,2.74
3314,2.62
3315,2.57
3316,2.68
3317,2.77
3318,2.86
3319,3.39
3320,3.26
3321,3.05
3322,2.79
3323,2.35
3324,2.1
3325,2.22
3326,2.64
3327,3.09
3328,3.45
3329,3.74
3330,3.89
3331,3.75
3332,3.58
3333,3.22
3334,2.9
3335,2.66
3336,2.45
3337,2.2
3338,1.88
3339,1.71
3340,1.73
3341,1.92
3342,2.14
3343,2.92
3344,2.91
3345,2.62
3346,2.61
3347,2.96
3348,3.37
3349,3.72
3350,4.18
3351,4.64
3352,5.02
3353,5.34
3354,4.87
3355,4.18
3356,3.97
3357,3.64
3358,3.34
3359,3.47
3360,3.7
3361,3.86
3362,3.94
3363,4.0
3364,4.08
3365,4.28
3366,4.77
3367,5.36
3368,5.22
3369,5.07
3370,5.13
3371,5.37
3372,5.67
3373,5.99
3374,6.32
3375,6.58
3376,6.75
3377,6.83
3378,6.52
3379,5.72
3380,5.71
3381,5.83
3382,5.81
3383,5.81
3384,5.9
3385,6.16
3386,6.62
3387,6.76
3388,6.27
3389,5.61
3390,5.39
3391,5.23
3392,4.5
3393,4.13
3394,4.42
3395,5.24
3396,6.1
3397,6.6
3398,6.69
3399,6.64
3400,6.7
3401,6.74
3402,6.23
3403,5.19
3404,5.0
3405,5.08
3406,5.34
3407,5.5
3408,5.46
3409,5.22
3410,5.11
3411,5.32
3412,5.78
3413,6.12
3414,6.7
3415,7.42
3416,7.66
3417,7.72
3418,7.85
3419,7.95
3420,8.02
3421,8.06
3422,8.07
3423,8.03
3424,7.87
3425,7.57
3426,6.92
3427,5.91
3428,5.59
3429,5.53
3430,5.52
3431,5.47
3432,5.4
3433,5.18
3434,5.15
3435,5.3
3436,5.59
3437,5.75
3438,6.4
3439,7.16
3440,7.38
3441,7.43
3442,7.57
3443,7.71
3444,7.75
3445,7.76
3446,7.81
3447,7.84
3448,7.74
3449,7.44
3450,6.76
3451,5.7
3452,5.65
3453,5.98
3454,6.17
3455,6.32
3456,6.5
3457,6.73
3458,6.82
3459,6.96
3460,7.19
3461,7.45
3462,8.02
3463,8.81
3464,9.22
3465,9.29
3466,9.32
3467,9.28
3468,9.17
3469,9.03
3470,8.84
3471,8.57
3472,8.22
3473,7.79
3474,7.11
3475,6.1
3476,6.01
3477,5.88
3478,5.93
3479,6.2
3480,6.28
3481,6.13
3482,6.31
3483,6.71
3484,7.15
3485,7.58
3486,8.39
3487,9.36
3488,9.82
3489,9.91
3490,9.93
3491,9.79
3492,9.47
3493,9.02
3494,8.72
3495,8.43
3496,8.07
3497,7.51
3498,6.62
3499,5.6
3500,5.31
3501,5.01
3502,4.81
3503,4.94
3504,5.24
3505,5.56
3506,6.13
3507,6.71
3508,7.1
3509,7.46
3510,8.1
3511,8.91
3512,9.27
3513,9.47
3514,9.57
3515,9.36
3516,9.0
3517,8.74
3518,8.61
3519,8.54
3520,8.48
3521,8.25
3522,7.61
3523,6.89
3524,7.07
3525,7.27
3526,7.64
3527,7.85
3528,7.74
3529,7.6
3530,7.69
3531,7.59
3532,7.53
3533,7.54
3534,7.85
3535,8.61
3536,8.94
3537,9.06
3538,9.22
3539,9.2
3540,9.33
3541,9.59
3542,9.74
3543,9.71
3544,9.5
3545,9.23
3546,8.69
3547,7.84
3548,7.32
3549,7.48
3550,7.71
3551,8.04
3552,8.42
3553,8.5
3554,8.52
3555,8.49
3556,8.29
3557,8.0
3558,8.14
3559,8.51
3560,8.66
3561,8.58
3562,8.54
3563,8.5
3564,8.38
3565,8.25
3566,8.25
3567,8.21
3568,8.04
3569,7.72
3570,7.32
3571,6.56
3572,5.91
3573,5.41
3574,5.0
3575,4.89
3576,4.94
3577,5.21
3578,5.69
3579,6.02
3580,5.81
3581,5.59
3582,6.03
3583,6.7
3584,6.89
3585,6.88
3586,6.73
3587,6.5
3588,6.29
3589,6.01
3590,6.01
3591,6.09
3592,6.1
3593,5.98
3594,5.63
3595,4.76
3596,4.23
3597,3.79
3598,3.59
3599,3.63
3600,3.62
3601,3.49
3602,3.56
3603,3.81
3604,4.02
3605,4.09
3606,4.65
3607,5.34
3608,5.44
3609,5.45
3610,5.51
3611,5.54
3612,5.49
3613,5.47
3614,5.46
3615,5.43
3616,5.45
3617,5.37
3618,5.01
3619,4.05
3620,3.56
3621,3.47
3622,3.56
3623,3.8
3624,4.03
3625,4.07
3626,3.73
3627,3.23
3628,2.91
3629,2.7
3630,2.78
3631,3.16
3632,3.21
3633,3.33
3634,3.4
3635,3.48
3636,3.8
3637,4.3
3638,4.74
3639,5.04
3640,5.16
3641,5.08
3642,4.96
3643,4.47
3644,4.23
3645,3.89
3646,3.53
3647,3.4
3648,3.73
3649,4.17
3650,4.24
3651,4.02
3652,3.93
3653,3.73
3654,4.34
3655,4.77
3656,4.77
3657,4.55
3658,4.22
3659,3.93
3660,3.75
3661,3.66
3662,3.83
3663,4.24
3664,4.71
3665,5.18
3666,5.57
3667,5.46
3668,5.06
3669,4.52
3670,4.09
3671,3.69
3672,3.29
3673,2.95
3674,2.54
3675,2.3
3676,2.2
3677,2.08
3678,2.07
3679,2.38
3680,2.63
3681,2.66
3682,2.56
3683,2.47
3684,2.54
3685,2.69
3686,2.96
3687,3.32
3688,3.87
3689,4.73
3690,5.54
3691,5.38
3692,4.68
3693,4.0
3694,3.56
3695,3.13
3696,2.56
3697,2.12
3698,1.73
3699,1.28
3700,0.82
3701,0.3
3702,0.5
3703,0.92
3704,0.98
3705,0.96
3706,0.96
3707,1.26
3708,1.66
3709,2.02
3710,2.39
3711,2.86
3712,3.4
3713,4.04
3714,4.82
3715,5.2
3716,5.02
3717,4.39
3718,3.76
3719,3.34
3720,3.1
3721,2.9
3722,2.62
3723,2.39
3724,2.3
3725,2.26
3726,2.39
3727,2.79
3728,2.9
3729,2.95
3730,3.06
3731,3.32
3732,3.58
3733,3.84
3734,4.0
3735,4.17
3736,4.44
3737,4.85
3738,5.38
3739,5.5
3740,5.57
3741,4.92
3742,3.83
3743,3.3
3744,3.15
3745,2.9
3746,2.44
3747,2.11
3748,1.89
3749,1.76
3750,1.97
3751,2.46
3752,2.67
3753,2.94
3754,3.28
3755,3.66
3756,4.0
3757,4.28
3758,4.47
3759,4.69
3760,4.91
3761,5.04
3762,4.91
3763,4.27
3764,4.23
3765,4.07
3766,3.78
3767,3.71
3768,3.78
3769,3.7
3770,3.27
3771,2.67
3772,2.3
3773,2.32
3774,2.89
3775,3.3
3776,3.24
3777,3.26
3778,3.32
3779,3.33
3780,3.39
3781,3.61
3782,3.91
3783,4.27
3784,4.66
3785,4.93
3786,5.06
3787,4.77
3788,4.41
3789,3.82
3790,3.39
3791,3.22
3792,3.24
3793,3.45
3794,3.62
3795,3.5
3796,3.24
3797,2.95
3798,3.18
3799,3.43
3800,3.65
3801,4.0
3802,4.28
3803,4.48
3804,4.69
3805,4.85
3806,5.02
3807,5.13
3808,5.19
3809,5.27
3810,5.24
3811,4.85
3812,4.45
3813,3.99
3814,3.71
3815,3.59
3816,3.52
3817,3.46
3818,3.42
3819,3.48
3820,3.52
3821,3.56
3822,4.12
3823,4.76
3824,4.87
3825,4.96
3826,5.04
3827,5.08
3828,5.21
3829,5.37
3830,5.46
3831,5.51
3832,5.39
3833,5.21
3834,4.91
3835,4.35
3836,4.15
3837,4.12
3838,4.15
3839,4.35
3840,4.62
3841,4.99
3842,5.37
3843,5.48
3844,5.55
3845,5.65
3846,6.19
3847,6.8
3848,6.91
3849,6.8
3850,6.69
3851,6.57
3852,6.52
3853,6.51
3854,6.61
3855,6.73
3856,6.71
3857,6.59
3858,6.36
3859,5.89
3860,5.6
3861,5.29
3862,5.16
3863,5.18
3864,5.3
3865,5.43
3866,5.51
3867,5.52
3868,5.62
3869,5.69
3870,6.11
3871,6.5
3872,6.64
3873,6.81
3874,6.81
3875,6.69
3876,6.56
3877,6.56
3878,6.41
3879,6.15
3880,5.97
3881,5.91
3882,5.78
3883,5.32
3884,5.08
3885,4.8
3886,4.58
3887,4.6
3888,4.71
3889,4.78
3890,4.7
3891,4.53
3892,4.42
3893,4.29
3894,4.74
3895,5.04
3896,4.77
3897,4.54
3898,4.25
3899,4.1
3900,4.18
3901,4.42
3902,4.74
3903,5.04
3904,5.24
3905,5.27
3906,5.14
3907,4.71
3908,4.35
3909,3.94
3910,3.63
3911,3.46
3912,3.39
3913,3.4
3914,3.43
3915,3.43
3916,3.39
3917,3.35
3918,3.91
3919,4.24
3920,4.25
3921,4.34
3922,4.45
3923,4.52
3924,4.58
3925,4.72
3926,4.94
3927,5.15
3928,5.36
3929,5.55
3930,5.53
3931,5.01
3932,4.67
3933,4.41
3934,4.29
3935,4.31
3936,4.41
3937,4.36
3938,4.1
3939,3.9
3940,3.76
3941,3.58
3942,3.95
3943,4.22
3944,4.05
3945,3.91
3946,3.88
3947,3.97
3948,4.09
3949,4.27
3950,4.61
3951,4.9
3952,5.06
3953,5.14
3954,5.13
3955,5.08
3956,5.33
3957,5.43
3958,5.43
3959,5.48
3960,5.61
3961,5.88
3962,6.0
3963,6.0
3964,5.8
3965,5.43
3966,5.6
3967,5.84
3968,5.63
3969,5.33
3970,5.1
3971,4.96
3972,4.86
3973,4.71
3974,4.77
3975,5.05
3976,5.31
3977,5.62
3978,5.88
3979,5.62
3980,5.54
3981,5.53
3982,5.38
3983,5.41
3984,5.53
3985,5.52
3986,5.58
3987,5.54
3988,5.46
3989,5.32
3990,5.82
3991,6.18
3992,6.27
3993,6.26
3994,6.23
3995,6.26
3996,6.2
3997,5.96
3998,6.06
3999,6.36
4000,6.63
4001,6.82
4002,6.71
4003,6.07
4004,5.62
4005,5.28
4006,5.24
4007,5.23
4008,5.33
4009,5.53
4010,5.7
4011,5.83
4012,5.88
4013,5.98
4014,6.55
4015,6.93
4016,6.78
4017,6.81
4018,7.04
4019,7.29
4020,7.38
4021,7.31
4022,7.27
4023,7.33
4024,7.38
4025,7.3
4026,7.04
4027,6.43
4028,5.82
4029,5.42
4030,5.2
4031,5.27
4032,5.42
4033,5.41
4034,5.49
4035,5.56
4036,5.57
4037,5.58
4038,6.15
4039,6.59
4040,6.48
4041,6.38
4042,6.37
4043,6.44
4044,6.53
4045,6.59
4046,6.64
4047,6.73
4048,6.85
4049,7.01
4050,7.0
4051,6.47
4052,5.94
4053,5.24
4054,4.72
4055,4.5
4056,4.13
4057,3.9
4058,3.83
4059,3.89
4060,3.87
4061,3.73
4062,4.17
4063,4.49
4064,4.52
4065,4.58
4066,4.71
4067,4.93
4068,5.23
4069,5.51
4070,5.84
4071,6.14
4072,6.4
4073,6.62
4074,6.61
4075,6.14
4076,5.56
4077,5.04
4078,4.54
4079,4.3
4080,4.13
4081,3.92
4082,3.79
4083,3.64
4084,3.45
4085,3.35
4086,4.03
4087,4.53
4088,4.74
4089,5.0
4090,5.2
4091,5.35
4092,5.45
4093,5.49
4094,5.43
4095,5.31
4096,5.19
4097,5.07
4098,4.91
4099,4.31
4100,3.91
4101,3.66
4102,3.63
4103,3.68
4104,3.81
4105,3.99
4106,4.01
4107,3.86
4108,3.74
4109,3.67
4110,4.47
4111,5.13
4112,5.46
4113,5.76
4114,6.02
4115,6.31
4116,6.56
4117,6.76
4118,6.75
4119,6.55
4120,6.3
4121,6.06
4122,5.77
4123,5.26
4124,5.05
4125,4.87
4126,4.8
4127,4.87
4128,4.98
4129,5.02
4130,5.01
4131,4.75
4132,4.3
4133,3.81
4134,4.22
4135,4.49
4136,4.5
4137,4.63
4138,4.72
4139,4.74
4140,4.74
4141,4.76
4142,4.64
4143,4.59
4144,4.73
4145,4.93
4146,5.14
4147,4.94
4148,4.61
4149,4.21
4150,3.9
4151,3.75
4152,3.44
4153,3.12
4154,2.84
4155,2.5
4156,2.2
4157,1.9
4158,1.81
4159,1.54
4160,1.39
4161,1.55
4162,1.83
4163,2.16
4164,2.48
4165,2.76
4166,3.14
4167,3.55
4168,3.9
4169,4.27
4170,4.79
4171,5.1
4172,5.0
4173,4.59
4174,4.22
4175,3.88
4176,3.57
4177,3.33
4178,2.85
4179,2.31
4180,1.85
4181,1.44
4182,1.36
4183,1.71
4184,2.24
4185,2.57
4186,2.74
4187,2.99
4188,3.29
4189,3.66
4190,4.2
4191,4.73
4192,5.17
4193,5.52
4194,5.49
4195,4.96
4196,4.48
4197,4.24
4198,4.33
4199,4.6
4200,4.62
4201,4.46
4202,4.41
4203,4.21
4204,4.03
4205,4.03
4206,4.84
4207,5.52
4208,5.67
4209,5.73
4210,5.91
4211,6.18
4212,6.36
4213,6.47
4214,6.62
4215,6.77
4216,6.78
4217,6.69
4218,6.49
4219,6.14
4220,6.07
4221,6.03
4222,5.95
4223,5.96
4224,6.11
4225,6.22
4226,6.3
4227,6.28
4228,6.17
4229,6.04
4230,6.28
4231,6.74
4232,6.69
4233,6.55
4234,6.48
4235,6.46
4236,6.41
4237,6.31
4238,6.22
4239,6.23
4240,6.37
4241,6.58
4242,6.68
4243,6.49
4244,6.52
4245,6.61
4246,6.6
4247,6.54
4248,6.56
4249,6.62
4250,6.65
4251,6.57
4252,6.67
4253,6.86
4254,7.19
4255,7.79
4256,7.97
4257,7.88
4258,7.9
4259,8.12
4260,8.38
4261,8.58
4262,8.64
4263,8.51
4264,8.25
4265,7.88
4266,7.31
4267,6.58
4268,6.42
4269,6.59
4270,6.84
4271,7.14
4272,7.4
4273,7.54
4274,7.63
4275,7.67
4276,7.73
4277,7.74
4278,8.07
4279,8.62
4280,8.7
4281,8.66
4282,8.64
4283,8.66
4284,8.78
4285,8.91
4286,9.13
4287,9.28
4288,9.3
4289,9.23
4290,8.98
4291,8.51
4292,8.32
4293,8.26
4294,8.15
4295,8.08
4296,8.28
4297,8.51
4298,8.81
4299,8.91
4300,9.05
4301,9.07
4302,9.32
4303,9.87
4304,9.73
4305,9.33
4306,8.94
4307,8.64
4308,8.4
4309,8.27
4310,8.13
4311,7.93
4312,7.7
4313,7.46
4314,7.13
4315,6.52
4316,5.88
4317,5.28
4318,4.86
4319,4.67
4320,4.61
4321,4.55
4322,4.55
4323,4.54
4324,4.42
4325,4.16
4326,4.4
4327,4.62
4328,4.53
4329,4.45
4330,4.59
4331,4.75
4332,4.78
4333,4.75
4334,4.72
4335,4.71
4336,4.68
4337,4.6
4338,4.51
4339,4.35
4340,4.07
4341,3.48
4342,3.09
4343,2.83
4344,2.79
4345,2.81
4346,2.76
4347,2.53
4348,2.28
4349,2.26
4350,2.9
4351,3.26
4352,2.36
4353,0.93
4354,1.36
4355,2.99
4356,4.5
4357,5.48
4358,5.69
4359,5.57
4360,5.57
4361,5.64
4362,5.54
4363,5.22
4364,4.8
4365,4.22
4366,3.68
4367,3.13
4368,2.65
4369,2.3
4370,2.14
4371,2.07
4372,2.01
4373,1.97
4374,2.18
4375,2.42
4376,2.56
4377,2.8
4378,3.13
4379,3.61
4380,4.25
4381,4.93
4382,5.44
4383,5.82
4384,6.08
4385,6.22
4386,6.19
4387,5.86
4388,5.53
4389,5.27
4390,5.03
4391,4.89
4392,4.9
4393,4.82
4394,4.72
4395,4.55
4396,4.44
4397,4.4
4398,5.11
4399,5.76
4400,5.91
4401,5.98
4402,5.97
4403,5.94
4404,5.83
4405,5.78
4406,5.87
4407,6.06
4408,6.3
4409,6.4
4410,6.26
4411,5.75
4412,5.57
4413,5.69
4414,5.96
4415,6.45
4416,6.77
4417,6.88
4418,6.8
4419,6.65
4420,6.5
4421,6.51
4422,6.81
4423,7.47
4424,7.75
4425,7.86
4426,7.89
4427,7.96
4428,8.01
4429,7.98
4430,7.83
4431,7.68
4432,7.63
4433,7.61
4434,7.51
4435,7.21
4436,6.91
4437,6.48
4438,6.17
4439,6.04
4440,6.02
4441,6.0
4442,6.16
4443,6.29
4444,6.3
4445,6.17
4446,6.36
4447,6.87
4448,6.81
4449,6.35
4450,5.97
4451,5.7
4452,5.48
4453,5.33
4454,5.47
4455,5.87
4456,6.19
4457,6.42
4458,6.45
4459,6.27
4460,5.82
4461,5.46
4462,5.62
4463,5.92
4464,5.83
4465,5.57
4466,5.68
4467,5.87
4468,5.81
4469,5.65
4470,5.86
4471,6.46
4472,6.21
4473,5.76
4474,5.41
4475,5.1
4476,4.84
4477,4.4
4478,4.17
4479,4.06
4480,3.84
4481,3.65
4482,3.31
4483,2.75
4484,2.62
4485,2.65
4486,2.75
4487,2.8
4488,2.82
4489,2.94
4490,2.92
4491,2.72
4492,2.53
4493,2.3
4494,1.96
4495,1.86
4496,1.52
4497,0.91
4498,0.45
4499,0.55
4500,0.96
4501,1.54
4502,2.18
4503,2.75
4504,3.43
4505,4.34
4506,5.13
4507,5.04
4508,4.6
4509,4.22
4510,4.01
4511,4.23
4512,4.73
4513,5.05
4514,4.77
4515,4.12
4516,3.65
4517,3.5
4518,3.47
4519,3.57
4520,3.2
4521,2.49
4522,2.21
4523,2.45
4524,2.36
4525,2.16
4526,1.84
4527,1.1
4528,0.47
4529,1.06
4530,1.42
4531,2.11
4532,2.57
4533,2.69
4534,2.18
4535,1.34
4536,1.48
4537,2.72
4538,4.63
4539,4.88
4540,4.88
4541,4.9
4542,5.64
4543,6.35
4544,6.28
4545,5.93
4546,5.49
4547,4.94
4548,4.47
4549,4.12
4550,3.61
4551,2.88
4552,2.11
4553,1.38
4554,1.19
4555,2.36
4556,3.06
4557,3.37
4558,3.77
4559,4.0
4560,3.9
4561,3.83
4562,3.83
4563,3.68
4564,3.39
4565,3.07
4566,3.52
4567,4.0
4568,4.38
4569,4.57
4570,4.55
4571,4.58
4572,4.73
4573,5.08
4574,5.5
4575,5.89
4576,6.16
4577,6.35
4578,6.35
4579,6.06
4580,6.02
4581,6.03
4582,6.04
4583,6.2
4584,6.41
4585,6.48
4586,6.51
4587,6.41
4588,6.28
4589,6.28
4590,6.73
4591,7.67
4592,8.22
4593,8.47
4594,8.59
4595,8.64
4596,8.67
4597,8.69
4598,8.7
4599,8.72
4600,8.74
4601,8.7
4602,8.56
4603,8.15
4604,8.03
4605,7.81
4606,7.76
4607,7.86
4608,7.95
4609,8.14
4610,8.19
4611,8.11
4612,8.01
4613,7.94
4614,8.19
4615,8.87
4616,9.0
4617,9.05
4618,9.11
4619,9.05
4620,8.88
4621,8.69
4622,8.5
4623,8.34
4624,8.25
4625,8.17
4626,7.94
4627,7.35
4628,7.02
4629,6.9
4630,6.85
4631,6.94
4632,7.01
4633,7.04
4634,6.99
4635,6.86
4636,6.71
4637,6.45
4638,6.62
4639,6.91
4640,6.62
4641,6.34
4642,6.08
4643,5.85
4644,5.71
4645,5.6
4646,5.6
4647,5.8
4648,6.06
4649,6.22
4650,6.24
4651,6.03
4652,5.81
4653,5.51
4654,5.14
4655,4.82
4656,4.6
4657,4.36
4658,4.1
4659,3.83
4660,3.7
4661,3.71
4662,4.36
4663,5.11
4664,5.2
4665,5.07
4666,4.86
4667,4.65
4668,4.65
4669,4.85
4670,5.05
4671,5.27
4672,5.5
4673,5.71
4674,5.74
4675,5.57
4676,5.28
4677,4.94
4678,4.68
4679,4.55
4680,4.33
4681,4.0
4682,3.71
4683,3.54
4684,3.42
4685,3.35
4686,3.81
4687,4.12
4688,3.96
4689,3.84
4690,3.72
4691,3.8
4692,4.17
4693,4.63
4694,4.94
4695,5.05
4696,5.19
4697,5.41
4698,5.56
4699,5.51
4700,5.31
4701,5.03
4702,4.86
4703,4.88
4704,5.01
4705,5.06
4706,5.04
4707,4.92
4708,4.71
4709,4.46
4710,4.61
4711,4.68
4712,4.34
4713,3.98
4714,3.6
4715,3.36
4716,3.43
4717,3.72
4718,4.11
4719,4.41
4720,4.67
4721,4.63
4722,4.34
4723,4.32
4724,5.27
4725,6.42
4726,6.78
4727,5.73
4728,3.52
4729,1.94
4730,1.47
4731,1.51
4732,1.7
4733,1.79
4734,2.07
4735,2.95
4736,3.28
4737,3.38
4738,3.44
4739,3.37
4740,3.17
4741,2.97
4742,2.9
4743,2.88
4744,2.93
4745,3.37
4746,3.67
4747,3.4
4748,3.15
4749,2.38
4750,1.63
4751,1.12
4752,0.58
4753,0.33
4754,0.81
4755,1.33
4756,1.89
4757,2.36
4758,3.3
4759,4.07
4760,4.45
4761,4.47
4762,4.31
4763,4.06
4764,3.7
4765,3.36
4766,3.01
4767,2.59
4768,2.22
4769,2.04
4770,1.91
4771,2.5
4772,4.23
4773,5.51
4774,6.04
4775,5.96
4776,5.34
4777,4.61
4778,4.15
4779,3.86
4780,3.62
4781,3.35
4782,3.75
4783,3.83
4784,3.55
4785,3.37
4786,3.4
4787,3.76
4788,4.39
4789,5.08
4790,5.69
4791,6.15
4792,6.42
4793,6.43
4794,6.25
4795,5.96
4796,5.79
4797,5.74
4798,5.83
4799,6.01
4800,6.23
4801,6.48
4802,6.77
4803,7.01
4804,7.14
4805,7.31
4806,7.91
4807,8.89
4808,9.29
4809,9.5
4810,9.5
4811,9.35
4812,9.1
4813,8.82
4814,8.55
4815,8.39
4816,8.18
4817,7.98
4818,7.8
4819,7.49
4820,7.48
4821,7.46
4822,7.46
4823,7.42
4824,7.33
4825,7.31
4826,7.32
4827,7.51
4828,7.74
4829,7.94
4830,8.31
4831,9.01
4832,9.26
4833,9.27
4834,9.25
4835,9.23
4836,9.18
4837,9.01
4838,8.68
4839,8.3
4840,8.02
4841,7.75
4842,7.28
4843,6.54
4844,5.99
4845,5.61
4846,5.43
4847,5.36
4848,5.28
4849,5.3
4850,5.37
4851,5.37
4852,5.33
4853,5.27
4854,5.76
4855,6.56
4856,6.59
4857,6.55
4858,6.59
4859,6.61
4860,6.64
4861,6.67
4862,6.69
4863,6.62
4864,6.46
4865,6.26
4866,5.98
4867,5.58
4868,5.43
4869,5.4
4870,5.48
4871,5.64
4872,5.86
4873,6.15
4874,6.43
4875,6.61
4876,6.79
4877,6.96
4878,7.43
4879,8.22
4880,8.38
4881,8.27
4882,8.14
4883,8.01
4884,7.95
4885,7.95
4886,8.02
4887,8.14
4888,8.12
4889,8.03
4890,7.78
4891,7.42
4892,7.18
4893,6.99
4894,6.95
4895,7.09
4896,7.19
4897,7.24
4898,7.13
4899,6.9
4900,6.78
4901,6.68
4902,7.27
4903,8.17
4904,8.24
4905,8.07
4906,7.95
4907,7.82
4908,7.67
4909,7.57
4910,7.63
4911,7.66
4912,7.41
4913,6.82
4914,6.05
4915,5.46
4916,5.34
4917,5.33
4918,5.24
4919,5.12
4920,5.11
4921,5.09
4922,5.05
4923,4.93
4924,4.69
4925,4.42
4926,4.92
4927,5.47
4928,5.41
4929,5.38
4930,5.44
4931,5.55
4932,5.63
4933,5.7
4934,5.68
4935,5.64
4936,5.57
4937,5.45
4938,5.29
4939,5.03
4940,5.04
4941,5.11
4942,5.23
4943,5.34
4944,5.32
4945,5.3
4946,5.08
4947,4.73
4948,4.48
4949,4.32
4950,4.53
4951,5.18
4952,5.21
4953,4.96
4954,4.76
4955,4.62
4956,4.59
4957,4.64
4958,4.82
4959,5.03
4960,5.07
4961,5.03
4962,4.77
4963,4.1
4964,3.86
4965,3.73
4966,3.78
4967,3.95
4968,4.12
4969,4.24
4970,4.17
4971,4.0
4972,3.78
4973,3.63
4974,3.89
4975,4.53
4976,4.53
4977,4.5
4978,4.75
4979,5.3
4980,5.94
4981,6.58
4982,7.07
4983,7.32
4984,7.36
4985,7.21
4986,6.83
4987,6.21
4988,6.02
4989,5.93
4990,5.91
4991,6.21
4992,6.5
4993,6.67
4994,6.8
4995,6.92
4996,7.11
4997,7.19
4998,7.57
4999,8.31
5000,8.47
5001,8.55
5002,8.74
5003,9.01
5004,9.3
5005,9.53
5006,9.54
5007,9.41
5008,9.24
5009,8.94
5010,8.43
5011,7.7
5012,7.44
5013,7.47
5014,7.8
5015,8.3
5016,8.8
5017,9.05
5018,9.13
5019,9.09
5020,9.08
5021,9.0
5022,9.0
5023,9.42
5024,9.29
5025,8.87
5026,8.63
5027,8.46
5028,8.28
5029,8.14
5030,8.01
5031,7.86
5032,7.7
5033,7.47
5034,7.04
5035,6.41
5036,5.91
5037,5.53
5038,5.36
5039,5.49
5040,5.78
5041,6.04
5042,5.77
5043,5.09
5044,4.29
5045,3.83
5046,4.25
5047,5.09
5048,5.29
5049,5.1
5050,4.8
5051,4.66
5052,4.74
5053,4.93
5054,5.07
5055,5.05
5056,4.99
5057,5.02
5058,4.89
5059,4.6
5060,4.47
5061,4.41
5062,4.51
5063,4.53
5064,4.44
5065,4.43
5066,4.32
5067,4.02
5068,4.05
5069,4.45
5070,5.08
5071,5.21
5072,4.48
5073,3.54
5074,2.88
5075,2.81
5076,3.12
5077,3.53
5078,4.09
5079,4.55
5080,4.78
5081,4.77
5082,4.44
5083,3.83
5084,3.56
5085,3.53
5086,3.58
5087,3.63
5088,3.8
5089,3.96
5090,4.09
5091,4.35
5092,4.65
5093,4.66
5094,4.77
5095,5.29
5096,5.23
5097,5.05
5098,4.93
5099,4.89
5100,4.9
5101,4.86
5102,4.7
5103,4.47
5104,4.37
5105,4.48
5106,4.61
5107,4.45
5108,4.24
5109,3.83
5110,3.54
5111,3.4
5112,3.45
5113,3.42
5114,3.3
5115,3.12
5116,2.92
5117,2.78
5118,2.9
5119,3.49
5120,3.71
5121,3.92
5122,4.08
5123,4.18
5124,4.2
5125,4.2
5126,4.39
5127,4.61
5128,4.77
5129,4.9
5130,4.91
5131,4.61
5132,4.33
5133,4.12
5134,4.24
5135,4.4
5136,4.52
5137,4.67
5138,4.89
5139,5.05
5140,5.17
5141,5.28
5142,5.71
5143,6.55
5144,6.81
5145,6.85
5146,6.91
5147,7.0
5148,7.09
5149,7.13
5150,7.08
5151,6.95
5152,6.86
5153,6.77
5154,6.64
5155,6.35
5156,6.44
5157,6.6
5158,6.86
5159,7.11
5160,7.19
5161,7.22
5162,7.25
5163,7.34
5164,7.38
5165,7.23
5166,7.39
5167,8.16
5168,8.37
5169,8.31
5170,8.3
5171,8.34
5172,8.3
5173,8.23
5174,8.18
5175,7.95
5176,7.56
5177,6.99
5178,6.32
5179,5.62
5180,5.35
5181,5.14
5182,4.91
5183,4.63
5184,4.29
5185,4.09
5186,3.83
5187,3.48
5188,3.18
5189,2.98
5190,3.35
5191,3.79
5192,3.8
5193,3.72
5194,3.45
5195,3.12
5196,2.98
5197,3.15
5198,3.6
5199,4.13
5200,4.49
5201,4.76
5202,4.88
5203,4.55
5204,4.06
5205,3.58
5206,3.24
5207,3.04
5208,2.97
5209,2.97
5210,2.98
5211,2.97
5212,2.81
5213,2.45
5214,2.65
5215,3.35
5216,3.56
5217,3.47
5218,3.11
5219,2.76
5220,2.79
5221,3.13
5222,2.92
5223,3.19
5224,3.52
5225,3.19
5226,2.23
5227,1.8
5228,2.18
5229,2.66
5230,3.18
5231,3.97
5232,5.14
5233,5.87
5234,5.42
5235,4.6
5236,3.94
5237,3.69
5238,3.83
5239,4.22
5240,4.24
5241,4.41
5242,4.58
5243,4.36
5244,3.8
5245,3.1
5246,2.41
5247,1.82
5248,1.62
5249,1.55
5250,1.41
5251,1.29
5252,1.65
5253,2.23
5254,3.04
5255,3.35
5256,3.27
5257,2.94
5258,2.8
5259,2.9
5260,3.26
5261,3.7
5262,4.29
5263,5.16
5264,5.56
5265,5.41
5266,4.99
5267,4.81
5268,4.86
5269,5.1
5270,5.2
5271,5.04
5272,4.69
5273,4.19
5274,3.44
5275,2.74
5276,2.4
5277,2.05
5278,1.81
5279,1.83
5280,2.13
5281,2.6
5282,3.28
5283,4.06
5284,4.56
5285,4.75
5286,5.1
5287,5.83
5288,6.19
5289,6.53
5290,6.97
5291,7.45
5292,7.82
5293,8.01
5294,7.78
5295,7.34
5296,6.78
5297,6.18
5298,5.18
5299,4.11
5300,3.99
5301,4.1
5302,4.28
5303,4.54
5304,4.68
5305,4.7
5306,4.52
5307,4.19
5308,3.94
5309,3.79
5310,3.78
5311,4.32
5312,4.42
5313,4.52
5314,4.65
5315,4.86
5316,5.08
5317,5.26
5318,5.43
5319,5.55
5320,5.57
5321,5.56
5322,5.22
5323,4.74
5324,4.74
5325,4.69
5326,4.7
5327,4.69
5328,4.59
5329,4.33
5330,4.1
5331,3.92
5332,3.74
5333,3.85
5334,4.21
5335,5.01
5336,5.49
5337,5.52
5338,5.41
5339,5.25
5340,5.2
5341,5.18
5342,5.35
5343,5.69
5344,6.0
5345,6.16
5346,5.99
5347,5.78
5348,5.71
5349,5.71
5350,5.84
5351,5.92
5352,5.85
5353,5.94
5354,5.99
5355,6.42
5356,6.78
5357,6.93
5358,6.96
5359,7.61
5360,8.08
5361,8.18
5362,8.25
5363,8.3
5364,8.37
5365,8.4
5366,8.44
5367,8.46
5368,8.43
5369,8.3
5370,8.08
5371,8.22
5372,8.4
5373,8.29
5374,8.29
5375,8.38
5376,8.52
5377,8.58
5378,8.44
5379,8.22
5380,8.15
5381,8.16
5382,8.23
5383,8.75
5384,9.21
5385,8.93
5386,8.56
5387,8.23
5388,7.97
5389,7.78
5390,7.79
5391,7.8
5392,7.52
5393,7.12
5394,6.77
5395,6.77
5396,6.76
5397,6.26
5398,5.5
5399,5.05
5400,4.91
5401,5.14
5402,5.42
5403,5.7
5404,5.82
5405,5.96
5406,5.99
5407,6.44
5408,6.65
5409,6.61
5410,6.54
5411,6.44
5412,6.39
5413,6.44
5414,6.59
5415,6.67
5416,6.58
5417,6.25
5418,5.52
5419,4.76
5420,4.4
5421,4.08
5422,3.98
5423,4.01
5424,4.13
5425,4.22
5426,4.4
5427,4.62
5428,4.79
5429,4.98
5430,5.37
5431,6.15
5432,6.3
5433,6.06
5434,5.89
5435,5.65
5436,5.45
5437,5.28
5438,5.15
5439,5.0
5440,4.61
5441,4.34
5442,4.89
5443,5.93
5444,6.39
5445,6.09
5446,5.95
5447,6.26
5448,6.64
5449,6.72
5450,6.45
5451,6.17
5452,5.71
5453,5.33
5454,5.18
5455,5.61
5456,5.9
5457,6.03
5458,5.98
5459,5.89
5460,5.94
5461,6.35
5462,6.89
5463,7.16
5464,6.9
5465,6.2
5466,5.0
5467,4.17
5468,4.32
5469,4.71
5470,4.95
5471,5.03
5472,5.13
5473,5.07
5474,5.03
5475,5.23
5476,5.45
5477,5.59
5478,5.86
5479,6.53
5480,6.78
5481,6.48
5482,6.04
5483,5.8
5484,5.65
5485,5.5
5486,5.46
5487,5.36
5488,5.25
5489,5.16
5490,4.85
5491,4.57
5492,4.77
5493,5.01
5494,5.1
5495,5.06
5496,5.03
5497,5.18
5498,5.24
5499,5.21
5500,5.09
5501,4.94
5502,5.19
5503,6.05
5504,6.16
5505,5.84
5506,5.89
5507,6.17
5508,6.13
5509,5.57
5510,5.03
5511,5.06
5512,5.52
5513,5.93
5514,5.87
5515,5.49
5516,5.26
5517,5.19
5518,5.28
5519,5.28
5520,5.04
5521,4.78
5522,4.78
5523,4.93
5524,5.31
5525,5.84
5526,6.34
5527,6.96
5528,7.14
5529,6.99
5530,6.84
5531,6.85
5532,6.91
5533,6.96
5534,7.0
5535,6.6
5536,5.82
5537,5.4
5538,5.08
5539,4.53
5540,4.77
5541,6.13
5542,6.0
5543,5.14
5544,5.28
5545,5.62
5546,6.1
5547,6.33
5548,6.3
5549,6.04
5550,6.04
5551,6.82
5552,7.16
5553,6.95
5554,6.64
5555,6.34
5556,6.04
5557,5.74
5558,5.58
5559,5.5
5560,5.29
5561,4.91
5562,4.2
5563,3.51
5564,3.25
5565,3.08
5566,2.96
5567,2.88
5568,2.82
5569,2.51
5570,2.24
5571,2.07
5572,1.89
5573,1.8
5574,1.74
5575,1.89
5576,1.66
5577,1.27
5578,1.46
5579,1.97
5580,2.38
5581,2.59
5582,2.71
5583,2.78
5584,2.73
5585,2.53
5586,2.37
5587,2.39
5588,2.67
5589,2.83
5590,2.8
5591,2.67
5592,2.53
5593,2.54
5594,2.8
5595,2.71
5596,2.24
5597,1.65
5598,1.41
5599,1.85
5600,1.56
5601,1.06
5602,1.23
5603,1.84
5604,2.55
5605,3.18
5606,3.38
5607,3.27
5608,3.11
5609,3.0
5610,2.95
5611,2.96
5612,2.89
5613,2.77
5614,2.74
5615,2.96
5616,3.44
5617,3.96
5618,4.19
5619,4.06
5620,3.94
5621,4.02
5622,4.39
5623,5.05
5624,5.21
5625,4.96
5626,4.58
5627,4.37
5628,4.43
5629,4.64
5630,4.85
5631,5.05
5632,5.14
5633,5.13
5634,4.89
5635,4.81
5636,4.89
5637,4.9
5638,4.92
5639,4.95
5640,4.98
5641,5.0
5642,4.98
5643,4.97
5644,4.98
5645,4.92
5646,5.08
5647,5.61
5648,6.04
5649,6.31
5650,6.55
5651,6.69
5652,6.79
5653,6.9
5654,7.04
5655,7.14
5656,7.08
5657,6.62
5658,6.06
5659,5.84
5660,5.99
5661,6.1
5662,6.03
5663,5.92
5664,5.99
5665,6.13
5666,6.05
5667,5.93
5668,5.94
5669,6.0
5670,6.1
5671,6.61
5672,7.33
5673,7.98
5674,8.32
5675,8.35
5676,8.07
5677,7.81
5678,7.7
5679,7.73
5680,7.68
5681,7.24
5682,6.45
5683,5.66
5684,4.78
5685,4.19
5686,4.16
5687,4.34
5688,4.38
5689,4.28
5690,4.31
5691,4.39
5692,4.39
5693,4.34
5694,4.55
5695,5.41
5696,6.06
5697,6.46
5698,6.76
5699,7.04
5700,7.32
5701,7.59
5702,7.7
5703,7.66
5704,7.5
5705,6.93
5706,5.64
5707,4.73
5708,4.54
5709,4.57
5710,4.77
5711,4.92
5712,5.06
5713,5.1
5714,5.15
5715,5.14
5716,5.2
5717,5.06
5718,4.97
5719,5.53
5720,6.0
5721,6.16
5722,6.38
5723,6.72
5724,7.03
5725,7.23
5726,7.2
5727,6.95
5728,6.53
5729,5.7
5730,4.5
5731,3.9
5732,3.77
5733,3.59
5734,3.35
5735,3.37
5736,3.49
5737,3.31
5738,2.72
5739,2.15
5740,1.85
5741,1.68
5742,1.53
5743,1.58
5744,1.6
5745,1.68
5746,1.86
5747,2.11
5748,2.48
5749,2.89
5750,3.28
5751,3.61
5752,3.85
5753,3.91
5754,3.73
5755,3.71
5756,3.88
5757,4.09
5758,4.37
5759,4.84
5760,5.24
5761,5.23
5762,4.94
5763,4.59
5764,4.12
5765,3.82
5766,3.76
5767,4.32
5768,4.59
5769,4.6
5770,4.42
5771,4.23
5772,4.08
5773,4.03
5774,4.25
5775,4.54
5776,4.58
5777,4.39
5778,3.77
5779,3.51
5780,3.52
5781,3.69
5782,4.07
5783,4.64
5784,5.34
5785,5.63
5786,5.58
5787,5.37
5788,5.03
5789,4.76
5790,4.9
5791,5.73
5792,6.16
5793,6.31
5794,6.24
5795,6.15
5796,6.07
5797,5.91
5798,5.5
5799,4.96
5800,4.45
5801,3.93
5802,3.57
5803,3.78
5804,4.25
5805,4.67
5806,5.16
5807,5.53
5808,5.72
5809,5.71
5810,5.52
5811,5.4
5812,5.31
5813,5.32
5814,5.51
5815,6.04
5816,6.56
5817,6.71
5818,6.61
5819,6.49
5820,6.45
5821,6.4
5822,6.34
5823,6.17
5824,5.52
5825,4.34
5826,3.23
5827,2.87
5828,2.97
5829,3.57
5830,4.51
5831,5.27
5832,5.67
5833,5.49
5834,5.03
5835,4.53
5836,4.21
5837,4.1
5838,4.08
5839,4.75
5840,5.3
5841,5.48
5842,5.51
5843,5.49
5844,5.48
5845,5.56
5846,5.74
5847,5.81
5848,5.72
5849,5.38
5850,4.54
5851,4.29
5852,4.26
5853,4.34
5854,4.57
5855,4.82
5856,5.04
5857,5.29
5858,5.53
5859,5.63
5860,5.62
5861,5.39
5862,5.13
5863,5.43
5864,5.73
5865,5.64
5866,5.42
5867,5.16
5868,4.95
5869,4.76
5870,4.49
5871,4.15
5872,3.78
5873,3.35
5874,2.82
5875,2.64
5876,2.7
5877,2.84
5878,2.99
5879,3.13
5880,3.24
5881,3.28
5882,3.26
5883,3.21
5884,3.01
5885,2.73
5886,2.39
5887,2.64
5888,2.55
5889,2.29
5890,1.96
5891,1.79
5892,1.86
5893,2.05
5894,2.27
5895,2.76
5896,3.49
5897,4.17
5898,4.37
5899,4.27
5900,3.8
5901,3.33
5902,3.15
5903,3.05
5904,3.02
5905,3.08
5906,3.22
5907,3.3
5908,3.33
5909,3.27
5910,3.18
5911,3.59
5912,3.42
5913,3.13
5914,2.91
5915,2.82
5916,2.99
5917,3.23
5918,3.32
5919,3.32
5920,3.32
5921,3.25
5922,2.79
5923,2.61
5924,2.5
5925,2.47
5926,2.57
5927,2.75
5928,2.98
5929,3.26
5930,3.67
5931,4.0
5932,4.05
5933,3.95
5934,3.85
5935,4.4
5936,4.55
5937,4.6
5938,4.75
5939,4.89
5940,4.85
5941,4.72
5942,4.64
5943,4.52
5944,4.47
5945,4.48
5946,4.08
5947,4.0
5948,3.93
5949,3.81
5950,3.88
5951,4.15
5952,4.31
5953,4.34
5954,4.58
5955,4.85
5956,5.08
5957,5.16
5958,5.43
5959,6.36
5960,6.78
5961,6.81
5962,6.87
5963,6.92
5964,6.91
5965,6.76
5966,6.46
5967,6.08
5968,5.68
5969,5.23
5970,4.28
5971,3.89
5972,3.84
5973,3.91
5974,4.06
5975,4.2
5976,4.27
5977,4.4
5978,4.76
5979,5.29
5980,5.76
5981,6.01
5982,6.42
5983,7.34
5984,7.68
5985,7.42
5986,7.15
5987,6.99
5988,6.82
5989,6.52
5990,6.11
5991,5.72
5992,5.4
5993,4.91
5994,3.88
5995,3.63
5996,3.58
5997,3.58
5998,3.69
5999,3.86
6000,4.09
6001,4.39
6002,4.66
6003,4.92
6004,5.08
6005,5.15
6006,5.36
6007,6.29
6008,6.54
6009,6.35
6010,6.14
6011,5.95
6012,5.76
6013,5.5
6014,5.22
6015,4.95
6016,4.67
6017,4.37
6018,3.65
6019,3.42
6020,3.3
6021,3.26
6022,3.3
6023,3.4
6024,3.47
6025,3.49
6026,3.55
6027,3.62
6028,3.71
6029,3.76
6030,3.71
6031,4.34
6032,4.49
6033,4.34
6034,4.33
6035,4.42
6036,4.38
6037,4.32
6038,4.37
6039,4.32
6040,4.14
6041,3.88
6042,3.12
6043,2.84
6044,2.66
6045,2.61
6046,2.7
6047,2.84
6048,3.0
6049,3.13
6050,3.26
6051,3.35
6052,3.42
6053,3.46
6054,3.41
6055,3.91
6056,4.13
6057,4.08
6058,4.11
6059,4.18
6060,4.26
6061,4.21
6062,4.12
6063,4.05
6064,4.0
6065,4.01
6066,3.58
6067,3.56
6068,3.47
6069,3.36
6070,3.31
6071,3.3
6072,3.32
6073,3.32
6074,3.35
6075,3.43
6076,3.51
6077,3.56
6078,3.63
6079,4.5
6080,4.67
6081,4.55
6082,4.59
6083,4.66
6084,4.59
6085,4.3
6086,4.0
6087,3.8
6088,3.7
6089,3.74
6090,3.4
6091,3.37
6092,3.34
6093,3.31
6094,3.28
6095,3.23
6096,3.08
6097,2.88
6098,2.71
6099,2.54
6100,2.41
6101,2.24
6102,1.97
6103,1.9
6104,1.81
6105,1.91
6106,2.03
6107,2.08
6108,2.08
6109,2.1
6110,2.18
6111,2.37
6112,2.67
6113,3.12
6114,3.36
6115,3.65
6116,3.39
6117,2.93
6118,2.69
6119,2.65
6120,2.79
6121,3.03
6122,3.3
6123,3.56
6124,3.67
6125,3.69
6126,3.64
6127,4.11
6128,3.57
6129,2.6
6130,1.6
6131,0.94
6132,0.61
6133,0.58
6134,0.88
6135,1.37
6136,1.88
6137,2.35
6138,2.73
6139,3.23
6140,3.49
6141,3.53
6142,3.68
6143,3.76
6144,3.77
6145,3.73
6146,3.47
6147,3.18
6148,2.96
6149,2.72
6150,2.46
6151,2.66
6152,2.56
6153,2.19
6154,1.68
6155,1.33
6156,1.34
6157,1.65
6158,2.0
6159,2.28
6160,2.46
6161,2.32
6162,2.17
6163,2.18
6164,2.05
6165,1.86
6166,1.77
6167,1.78
6168,1.96
6169,2.34
6170,2.86
6171,3.39
6172,3.66
6173,3.38
6174,2.65
6175,1.98
6176,1.03
6177,1.31
6178,1.75
6179,2.06
6180,2.27
6181,2.51
6182,2.77
6183,3.05
6184,3.23
6185,3.12
6186,2.86
6187,2.69
6188,2.51
6189,2.37
6190,2.35
6191,2.39
6192,2.48
6193,2.62
6194,2.82
6195,3.1
6196,3.29
6197,3.13
6198,2.74
6199,2.58
6200,2.71
6201,2.88
6202,2.91
6203,2.95
6204,3.15
6205,3.49
6206,3.82
6207,4.02
6208,4.0
6209,3.74
6210,3.11
6211,3.0
6212,2.97
6213,2.95
6214,3.01
6215,3.12
6216,3.32
6217,3.53
6218,3.7
6219,3.91
6220,3.99
6221,3.9
6222,3.81
6223,4.08
6224,4.65
6225,4.96
6226,5.14
6227,5.26
6228,5.33
6229,5.35
6230,5.32
6231,5.25
6232,5.07
6233,4.64
6234,3.9
6235,3.95
6236,4.1
6237,4.17
6238,4.2
6239,4.2
6240,4.15
6241,4.11
6242,4.1
6243,4.13
6244,4.21
6245,4.24
6246,4.2
6247,4.61
6248,4.88
6249,4.67
6250,4.44
6251,4.17
6252,3.93
6253,3.72
6254,3.51
6255,3.41
6256,3.42
6257,3.3
6258,2.99
6259,3.08
6260,3.07
6261,2.93
6262,2.75
6263,2.59
6264,2.43
6265,2.28
6266,2.16
6267,2.15
6268,2.22
6269,2.35
6270,2.49
6271,2.65
6272,3.12
6273,3.04
6274,2.88
6275,2.71
6276,2.48
6277,2.51
6278,2.78
6279,3.09
6280,3.39
6281,3.64
6282,3.49
6283,3.55
6284,3.46
6285,3.24
6286,3.01
6287,2.74
6288,2.55
6289,2.46
6290,2.29
6291,2.03
6292,1.73
6293,1.54
6294,1.5
6295,1.68
6296,1.69
6297,1.46
6298,0.93
6299,0.09
6300,0.5
6301,0.85
6302,1.27
6303,1.74
6304,2.32
6305,2.99
6306,3.53
6307,3.9
6308,3.88
6309,3.68
6310,3.44
6311,3.3
6312,3.29
6313,3.4
6314,3.41
6315,3.29
6316,3.07
6317,2.84
6318,2.61
6319,2.92
6320,3.08
6321,3.22
6322,3.38
6323,3.46
6324,3.46
6325,3.36
6326,3.32
6327,3.35
6328,3.43
6329,3.6
6330,3.58
6331,3.79
6332,3.91
6333,3.96
6334,4.06
6335,4.3
6336,4.46
6337,4.3
6338,3.93
6339,3.66
6340,3.44
6341,3.28
6342,3.15
6343,3.66
6344,3.9
6345,4.01
6346,4.16
6347,4.23
6348,4.2
6349,4.13
6350,4.01
6351,3.91
6352,3.85
6353,3.74
6354,3.22
6355,3.3
6356,3.3
6357,3.26
6358,3.31
6359,3.36
6360,3.34
6361,3.19
6362,3.14
6363,3.13
6364,3.06
6365,2.98
6366,2.88
6367,3.03
6368,2.98
6369,2.86
6370,3.07
6371,3.36
6372,3.7
6373,4.12
6374,4.4
6375,4.52
6376,4.49
6377,4.29
6378,3.54
6379,3.45
6380,3.39
6381,3.29
6382,3.26
6383,3.27
6384,3.28
6385,3.2
6386,3.16
6387,3.19
6388,3.2
6389,3.16
6390,3.05
6391,3.27
6392,3.39
6393,3.31
6394,3.5
6395,3.89
6396,4.14
6397,4.27
6398,4.33
6399,4.35
6400,4.4
6401,4.37
6402,3.68
6403,3.69
6404,3.86
6405,3.98
6406,4.05
6407,4.06
6408,4.03
6409,4.0
6410,3.98
6411,3.96
6412,3.89
6413,3.79
6414,3.68
6415,4.17
6416,4.76
6417,5.02
6418,5.4
6419,5.82
6420,6.11
6421,6.34
6422,6.41
6423,6.33
6424,6.23
6425,6.03
6426,5.22
6427,5.15
6428,5.16
6429,5.22
6430,5.24
6431,5.25
6432,5.38
6433,5.67
6434,6.16
6435,6.5
6436,6.43
6437,5.88
6438,5.28
6439,5.43
6440,5.75
6441,5.9
6442,6.19
6443,6.52
6444,6.89
6445,7.24
6446,7.47
6447,7.5
6448,7.29
6449,6.55
6450,5.53
6451,5.45
6452,5.45
6453,5.52
6454,5.59
6455,5.71
6456,5.89
6457,6.21
6458,6.51
6459,6.69
6460,6.84
6461,6.74
6462,6.48
6463,6.67
6464,6.96
6465,6.69
6466,6.31
6467,6.03
6468,5.8
6469,5.63
6470,5.53
6471,5.4
6472,5.15
6473,4.76
6474,3.86
6475,3.77
6476,3.83
6477,3.96
6478,4.09
6479,4.17
6480,4.18
6481,4.16
6482,4.13
6483,4.08
6484,4.0
6485,3.88
6486,3.7
6487,3.85
6488,4.5
6489,4.54
6490,4.7
6491,5.07
6492,5.46
6493,5.78
6494,5.94
6495,5.8
6496,5.45
6497,4.86
6498,3.77
6499,3.55
6500,3.49
6501,3.46
6502,3.44
6503,3.42
6504,3.44
6505,3.5
6506,3.64
6507,3.81
6508,3.96
6509,4.07
6510,4.15
6511,4.78
6512,5.54
6513,5.75
6514,5.92
6515,6.06
6516,6.11
6517,6.07
6518,5.99
6519,5.79
6520,5.49
6521,5.08
6522,4.21
6523,4.04
6524,3.92
6525,3.82
6526,3.82
6527,3.86
6528,3.9
6529,3.95
6530,4.0
6531,4.02
6532,3.97
6533,3.92
6534,3.87
6535,4.12
6536,4.57
6537,4.34
6538,4.21
6539,4.21
6540,4.27
6541,4.32
6542,4.49
6543,4.61
6544,4.58
6545,4.37
6546,3.73
6547,3.62
6548,3.43
6549,3.18
6550,2.94
6551,2.73
6552,2.54
6553,2.44
6554,2.46
6555,2.54
6556,2.51
6557,2.37
6558,2.22
6559,2.16
6560,2.62
6561,2.69
6562,2.75
6563,2.83
6564,2.96
6565,3.17
6566,3.46
6567,3.79
6568,4.01
6569,4.0
6570,3.36
6571,3.15
6572,2.9
6573,2.71
6574,2.63
6575,2.5
6576,2.33
6577,2.2
6578,2.27
6579,2.51
6580,2.79
6581,3.03
6582,3.18
6583,3.39
6584,3.77
6585,3.6
6586,3.33
6587,3.17
6588,3.07
6589,2.86
6590,2.87
6591,3.17
6592,3.59
6593,3.95
6594,3.97
6595,3.91
6596,3.41
6597,2.94
6598,2.7
6599,2.55
6600,2.4
6601,2.17
6602,1.95
6603,1.75
6604,1.49
6605,1.22
6606,1.03
6607,0.89
6608,0.66
6609,0.26
6610,0.49
6611,0.99
6612,1.58
6613,2.29
6614,3.07
6615,3.7
6616,4.03
6617,4.03
6618,3.45
6619,3.23
6620,2.74
6621,2.22
6622,1.75
6623,1.28
6624,0.85
6625,0.54
6626,0.5
6627,0.61
6628,0.76
6629,0.94
6630,1.14
6631,1.36
6632,2.0
6633,2.37
6634,2.5
6635,2.54
6636,2.62
6637,2.87
6638,3.23
6639,3.51
6640,3.71
6641,3.81
6642,3.42
6643,3.48
6644,3.44
6645,3.42
6646,3.29
6647,3.04
6648,2.83
6649,2.69
6650,2.57
6651,2.41
6652,2.18
6653,1.92
6654,1.66
6655,1.45
6656,1.64
6657,1.97
6658,2.52
6659,2.98
6660,3.27
6661,3.55
6662,3.75
6663,3.88
6664,4.03
6665,4.07
6666,3.6
6667,3.54
6668,3.31
6669,3.1
6670,2.94
6671,2.84
6672,2.75
6673,2.59
6674,2.44
6675,2.32
6676,2.25
6677,2.19
6678,2.09
6679,2.03
6680,2.17
6681,2.2
6682,2.39
6683,2.63
6684,2.95
6685,3.34
6686,3.71
6687,3.95
6688,4.09
6689,4.17
6690,3.76
6691,3.61
6692,3.31
6693,3.14
6694,3.05
6695,2.98
6696,2.93
6697,2.88
6698,2.76
6699,2.57
6700,2.42
6701,2.26
6702,2.07
6703,1.95
6704,2.15
6705,2.26
6706,2.38
6707,2.58
6708,2.95
6709,3.38
6710,3.78
6711,4.13
6712,4.38
6713,4.59
6714,4.24
6715,4.02
6716,3.68
6717,3.53
6718,3.45
6719,3.3
6720,3.05
6721,2.78
6722,2.67
6723,2.68
6724,2.7
6725,2.68
6726,2.62
6727,2.71
6728,3.1
6729,2.99
6730,2.92
6731,2.69
6732,2.55
6733,2.65
6734,2.98
6735,3.38
6736,3.8
6737,4.26
6738,4.2
6739,4.2
6740,3.74
6741,3.39
6742,3.26
6743,3.23
6744,3.22
6745,3.11
6746,2.89
6747,2.65
6748,2.42
6749,2.23
6750,2.08
6751,2.03
6752,2.19
6753,2.11
6754,2.12
6755,2.22
6756,2.38
6757,2.64
6758,2.96
6759,3.21
6760,3.35
6761,3.45
6762,3.21
6763,3.14
6764,2.91
6765,2.81
6766,2.89
6767,3.07
6768,3.16
6769,3.14
6770,3.02
6771,2.85
6772,2.66
6773,2.48
6774,2.33
6775,2.28
6776,2.43
6777,2.26
6778,1.87
6779,1.22
6780,0.73
6781,0.57
6782,1.21
6783,2.22
6784,3.22
6785,4.17
6786,4.56
6787,4.56
6788,4.18
6789,4.05
6790,4.22
6791,4.25
6792,3.93
6793,3.44
6794,3.07
6795,2.8
6796,2.49
6797,2.14
6798,1.8
6799,1.48
6800,1.23
6801,0.89
6802,0.66
6803,0.72
6804,1.14
6805,1.61
6806,2.0
6807,2.35
6808,2.73
6809,3.19
6810,3.58
6811,3.66
6812,3.54
6813,3.47
6814,3.38
6815,3.16
6816,2.9
6817,2.81
6818,2.79
6819,2.61
6820,2.5
6821,2.52
6822,2.65
6823,2.76
6824,3.42
6825,3.61
6826,3.72
6827,3.19
6828,2.6
6829,2.02
6830,1.55
6831,1.34
6832,1.42
6833,1.64
6834,2.25
6835,2.78
6836,2.86
6837,2.89
6838,3.11
6839,3.03
6840,2.78
6841,2.59
6842,2.54
6843,2.6
6844,2.81
6845,2.97
6846,3.11
6847,3.31
6848,4.36
6849,4.18
6850,3.99
6851,3.85
6852,3.69
6853,3.39
6854,2.78
6855,2.21
6856,1.63
6857,0.93
6858,0.47
6859,0.15
6860,0.66
6861,1.15
6862,1.71
6863,2.24
6864,2.68
6865,2.99
6866,3.19
6867,3.28
6868,3.34
6869,3.36
6870,3.28
6871,3.02
6872,3.35
6873,3.37
6874,3.15
6875,3.0
6876,2.74
6877,2.62
6878,2.45
6879,2.16
6880,1.71
6881,1.28
6882,1.44
6883,1.84
6884,2.38
6885,2.98
6886,3.56
6887,3.85
6888,4.04
6889,4.22
6890,4.36
6891,4.44
6892,4.46
6893,4.39
6894,4.26
6895,3.95
6896,4.15
6897,3.97
6898,3.48
6899,3.13
6900,2.74
6901,2.55
6902,2.33
6903,2.05
6904,1.68
6905,1.28
6906,1.44
6907,1.65
6908,1.91
6909,2.36
6910,2.84
6911,3.23
6912,3.59
6913,3.91
6914,4.22
6915,4.43
6916,4.44
6917,4.45
6918,4.37
6919,3.99
6920,4.15
6921,4.23
6922,3.72
6923,3.64
6924,3.51
6925,3.61
6926,3.77
6927,3.92
6928,3.43
6929,2.96
6930,3.46
6931,3.9
6932,4.24
6933,4.44
6934,4.5
6935,4.5
6936,4.58
6937,4.82
6938,5.22
6939,5.62
6940,5.86
6941,6.03
6942,6.18
6943,6.06
6944,6.12
6945,5.28
6946,5.31
6947,5.38
6948,4.61
6949,4.24
6950,4.18
6951,4.21
6952,3.78
6953,2.82
6954,2.96
6955,2.97
6956,2.9
6957,2.84
6958,3.01
6959,3.14
6960,3.38
6961,3.79
6962,4.29
6963,4.75
6964,5.09
6965,5.37
6966,5.56
6967,5.76
6968,6.03
6969,5.64
6970,5.34
6971,4.76
6972,4.05
6973,3.6
6974,3.17
6975,2.73
6976,2.19
6977,1.52
6978,1.47
6979,1.5
6980,1.5
6981,1.35
6982,1.04
6983,1.37
6984,2.25
6985,2.77
6986,2.88
6987,2.84
6988,2.84
6989,2.82
6990,2.85
6991,2.82
6992,3.39
6993,3.21
6994,2.81
6995,2.3
6996,1.89
6997,1.48
6998,1.11
6999,1.24
7000,1.85
7001,2.56
7002,3.3
7003,3.62
7004,3.58
7005,3.42
7006,3.37
7007,3.47
7008,3.57
7009,3.59
7010,3.53
7011,3.45
7012,3.36
7013,3.23
7014,3.04
7015,2.7
7016,2.53
7017,1.84
7018,1.44
7019,2.46
7020,3.27
7021,3.89
7022,4.22
7023,4.24
7024,4.01
7025,3.22
7026,3.3
7027,3.19
7028,3.16
7029,3.18
7030,3.12
7031,2.96
7032,2.7
7033,2.29
7034,1.81
7035,1.42
7036,1.15
7037,1.05
7038,1.2
7039,1.47
7040,2.04
7041,1.82
7042,1.79
7043,1.55
7044,1.18
7045,0.8
7046,0.67
7047,0.76
7048,0.86
7049,1.16
7050,1.67
7051,1.86
7052,1.92
7053,2.08
7054,2.44
7055,2.93
7056,3.23
7057,3.28
7058,3.18
7059,3.07
7060,3.0
7061,2.96
7062,2.91
7063,2.73
7064,2.73
7065,2.19
7066,1.45
7067,0.9
7068,1.1
7069,1.64
7070,2.17
7071,2.68
7072,3.26
7073,3.56
7074,4.1
7075,4.07
7076,3.82
7077,3.53
7078,3.54
7079,3.77
7080,3.86
7081,3.72
7082,3.66
7083,3.68
7084,3.68
7085,3.59
7086,3.35
7087,2.97
7088,2.97
7089,2.6
7090,2.34
7091,2.5
7092,2.62
7093,2.85
7094,3.32
7095,3.79
7096,4.09
7097,3.73
7098,4.1
7099,4.19
7100,4.16
7101,4.08
7102,3.97
7103,3.78
7104,3.45
7105,3.03
7106,2.62
7107,2.22
7108,1.83
7109,1.51
7110,1.26
7111,1.11
7112,1.02
7113,0.7
7114,0.3
7115,0.8
7116,1.15
7117,1.46
7118,2.08
7119,2.75
7120,3.37
7121,3.46
7122,3.73
7123,3.78
7124,3.7
7125,3.5
7126,3.26
7127,3.0
7128,2.6
7129,2.01
7130,1.36
7131,0.81
7132,0.57
7133,0.82
7134,1.28
7135,1.6
7136,1.97
7137,2.13
7138,2.45
7139,2.54
7140,2.51
7141,2.61
7142,2.79
7143,2.85
7144,2.83
7145,2.47
7146,2.73
7147,2.67
7148,2.57
7149,2.49
7150,2.35
7151,2.23
7152,2.21
7153,2.24
7154,2.29
7155,2.28
7156,2.19
7157,2.06
7158,1.89
7159,1.61
7160,1.61
7161,0.96
7162,0.17
7163,0.96
7164,1.27
7165,1.39
7166,1.62
7167,2.07
7168,2.57
7169,2.86
7170,3.55
7171,3.51
7172,3.32
7173,3.14
7174,3.02
7175,3.05
7176,3.28
7177,3.59
7178,3.82
7179,3.92
7180,3.87
7181,3.68
7182,3.42
7183,2.98
7184,3.01
7185,2.59
7186,2.44
7187,2.45
7188,2.72
7189,3.08
7190,3.42
7191,3.63
7192,3.77
7193,3.33
7194,3.63
7195,3.67
7196,3.72
7197,3.83
7198,3.99
7199,4.14
7200,4.28
7201,4.35
7202,4.28
7203,4.06
7204,3.82
7205,3.63
7206,3.51
7207,3.29
7208,3.7
7209,3.8
7210,3.75
7211,3.92
7212,4.14
7213,4.32
7214,4.47
7215,4.48
7216,4.4
7217,3.71
7218,3.57
7219,3.48
7220,3.35
7221,3.29
7222,3.22
7223,3.01
7224,2.73
7225,2.48
7226,2.35
7227,2.22
7228,2.01
7229,1.7
7230,1.33
7231,0.94
7232,0.56
7233,0.53
7234,1.2
7235,1.98
7236,2.59
7237,3.02
7238,3.21
7239,3.16
7240,3.02
7241,2.56
7242,2.64
7243,2.52
7244,2.39
7245,2.32
7246,2.21
7247,2.09
7248,2.06
7249,2.17
7250,2.37
7251,2.49
7252,2.46
7253,2.3
7254,1.97
7255,1.51
7256,1.15
7257,0.16
7258,0.99
7259,1.53
7260,1.68
7261,1.83
7262,2.09
7263,2.48
7264,3.02
7265,3.29
7266,3.78
7267,3.82
7268,3.74
7269,3.65
7270,3.61
7271,3.68
7272,3.82
7273,3.98
7274,4.03
7275,3.9
7276,3.62
7277,3.3
7278,2.98
7279,2.56
7280,2.6
7281,2.13
7282,1.54
7283,1.32
7284,0.99
7285,0.58
7286,0.49
7287,0.87
7288,1.43
7289,2.06
7290,2.67
7291,2.82
7292,2.67
7293,2.51
7294,2.52
7295,2.74
7296,2.99
7297,3.13
7298,3.14
7299,3.02
7300,2.87
7301,2.7
7302,2.57
7303,2.42
7304,2.52
7305,2.41
7306,1.55
7307,0.68
7308,0.33
7309,1.03
7310,1.84
7311,2.59
7312,3.06
7313,3.36
7314,3.95
7315,3.99
7316,3.92
7317,3.88
7318,3.88
7319,3.93
7320,4.05
7321,4.07
7322,3.93
7323,3.63
7324,3.26
7325,2.89
7326,2.56
7327,2.27
7328,2.12
7329,2.11
7330,2.62
7331,2.78
7332,2.89
7333,3.3
7334,3.63
7335,3.86
7336,3.92
7337,3.26
7338,3.4
7339,3.29
7340,3.28
7341,3.48
7342,3.79
7343,4.08
7344,4.2
7345,4.08
7346,3.81
7347,3.48
7348,3.16
7349,2.91
7350,2.71
7351,2.52
7352,2.56
7353,2.82
7354,3.36
7355,3.76
7356,4.04
7357,4.29
7358,4.51
7359,4.68
7360,4.75
7361,3.87
7362,3.89
7363,3.87
7364,3.73
7365,3.56
7366,3.48
7367,3.44
7368,3.33
7369,3.14
7370,3.28
7371,3.65
7372,3.95
7373,4.11
7374,4.15
7375,4.0
7376,4.62
7377,5.04
7378,5.13
7379,5.27
7380,5.42
7381,5.47
7382,5.41
7383,5.2
7384,4.85
7385,3.75
7386,3.56
7387,3.48
7388,3.46
7389,3.49
7390,3.54
7391,3.51
7392,3.39
7393,3.21
7394,3.05
7395,2.93
7396,2.83
7397,2.69
7398,2.52
7399,2.3
7400,2.46
7401,2.86
7402,3.01
7403,3.23
7404,3.5
7405,3.75
7406,3.83
7407,3.71
7408,3.48
7409,2.74
7410,2.77
7411,2.56
7412,2.32
7413,2.11
7414,1.83
7415,1.61
7416,1.63
7417,1.82
7418,2.02
7419,2.18
7420,2.27
7421,2.31
7422,2.28
7423,2.12
7424,2.41
7425,1.85
7426,1.5
7427,1.81
7428,1.8
7429,1.67
7430,1.44
7431,1.17
7432,0.89
7433,1.1
7434,1.62
7435,1.77
7436,1.64
7437,1.5
7438,1.64
7439,2.1
7440,2.66
7441,3.11
7442,3.42
7443,3.54
7444,3.45
7445,3.27
7446,3.12
7447,3.01
7448,3.08
7449,2.88
7450,2.15
7451,1.93
7452,1.71
7453,1.28
7454,0.82
7455,0.42
7456,0.19
7457,1.07
7458,1.86
7459,2.2
7460,2.47
7461,2.78
7462,3.15
7463,3.62
7464,4.06
7465,4.28
7466,4.29
7467,4.17
7468,3.99
7469,3.75
7470,3.52
7471,3.27
7472,3.15
7473,2.72
7474,1.8
7475,1.42
7476,1.27
7477,1.23
7478,1.39
7479,1.82
7480,2.42
7481,3.0
7482,3.71
7483,3.76
7484,3.55
7485,3.27
7486,3.05
7487,2.99
7488,3.13
7489,3.35
7490,3.56
7491,3.64
7492,3.53
7493,3.27
7494,2.92
7495,2.48
7496,2.2
7497,1.63
7498,1.72
7499,2.12
7500,2.66
7501,3.23
7502,3.68
7503,3.78
7504,3.64
7505,3.08
7506,3.25
7507,3.1
7508,2.88
7509,2.67
7510,2.63
7511,2.88
7512,3.17
7513,3.22
7514,3.17
7515,3.07
7516,2.94
7517,2.82
7518,2.72
7519,2.56
7520,2.65
7521,2.01
7522,0.87
7523,0.23
7524,0.81
7525,1.42
7526,1.96
7527,2.27
7528,2.39
7529,2.56
7530,2.9
7531,2.78
7532,2.47
7533,2.17
7534,2.16
7535,2.49
7536,2.91
7537,3.21
7538,3.32
7539,3.22
7540,3.04
7541,2.98
7542,3.06
7543,3.16
7544,3.86
7545,4.05
7546,3.87
7547,3.77
7548,3.65
7549,3.55
7550,3.23
7551,2.84
7552,2.04
7553,1.65
7554,1.94
7555,2.42
7556,2.84
7557,3.16
7558,3.42
7559,3.68
7560,3.92
7561,4.18
7562,4.51
7563,4.82
7564,5.02
7565,5.22
7566,5.45
7567,5.73
7568,6.34
7569,6.02
7570,5.76
7571,5.16
7572,4.46
7573,3.8
7574,3.42
7575,3.16
7576,2.2
7577,2.31
7578,2.51
7579,2.78
7580,3.07
7581,3.36
7582,3.62
7583,3.85
7584,4.09
7585,4.33
7586,4.52
7587,4.59
7588,4.56
7589,4.52
7590,4.48
7591,4.35
7592,4.28
7593,4.53
7594,3.84
7595,3.56
7596,3.22
7597,2.8
7598,2.3
7599,1.79
7600,0.98
7601,0.49
7602,0.26
7603,0.31
7604,0.49
7605,0.72
7606,1.01
7607,1.39
7608,1.84
7609,2.25
7610,2.6
7611,2.85
7612,2.92
7613,2.85
7614,2.7
7615,2.52
7616,2.2
7617,2.08
7618,1.34
7619,1.39
7620,1.82
7621,2.4
7622,2.95
7623,3.37
7624,3.47
7625,3.43
7626,3.81
7627,3.92
7628,3.99
7629,4.14
7630,4.32
7631,4.57
7632,4.66
7633,4.35
7634,3.82
7635,3.38
7636,3.12
7637,3.08
7638,3.18
7639,3.23
7640,4.0
7641,4.23
7642,3.82
7643,2.81
7644,1.88
7645,1.43
7646,1.65
7647,2.19
7648,2.66
7649,2.68
7650,3.16
7651,3.25
7652,3.31
7653,3.46
7654,3.88
7655,4.57
7656,5.01
7657,5.05
7658,5.03
7659,5.25
7660,5.77
7661,6.1
7662,6.11
7663,6.13
7664,6.48
7665,6.48
7666,6.17
7667,5.09
7668,3.91
7669,3.02
7670,2.46
7671,2.27
7672,2.04
7673,2.09
7674,2.92
7675,3.79
7676,4.43
7677,4.7
7678,4.8
7679,4.87
7680,4.99
7681,5.21
7682,5.59
7683,5.99
7684,6.22
7685,6.31
7686,6.31
7687,6.41
7688,6.76
7689,6.86
7690,7.14
7691,6.15
7692,5.2
7693,4.59
7694,4.08
7695,3.52
7696,2.62
7697,1.84
7698,1.82
7699,2.06
7700,2.44
7701,2.65
7702,2.78
7703,2.9
7704,3.03
7705,3.14
7706,3.19
7707,3.14
7708,3.06
7709,3.02
7710,3.07
7711,3.07
7712,3.32
7713,2.72
7714,1.81
7715,1.29
7716,1.35
7717,1.91
7718,2.42
7719,2.66
7720,2.76
7721,2.61
7722,3.06
7723,3.11
7724,2.79
7725,2.16
7726,1.55
7727,1.37
7728,1.74
7729,2.21
7730,2.6
7731,2.84
7732,3.02
7733,3.19
7734,3.29
7735,3.26
7736,3.5
7737,2.81
7738,1.96
7739,1.28
7740,0.65
7741,1.11
7742,1.94
7743,2.54
7744,2.97
7745,3.15
7746,3.56
7747,3.43
7748,3.21
7749,3.24
7750,3.53
7751,3.75
7752,3.75
7753,3.53
7754,3.43
7755,3.66
7756,4.15
7757,5.1
7758,5.86
7759,6.04
7760,6.26
7761,5.62
7762,5.23
7763,3.8
7764,2.52
7765,1.47
7766,0.8
7767,0.46
7768,0.25
7769,0.09
7770,0.27
7771,0.93
7772,1.58
7773,2.03
7774,2.38
7775,2.69
7776,2.94
7777,3.18
7778,3.44
7779,3.66
7780,3.78
7781,3.85
7782,3.87
7783,3.78
7784,3.85
7785,3.59
7786,3.06
7787,2.15
7788,1.46
7789,0.88
7790,0.47
7791,0.51
7792,1.03
7793,1.64
7794,2.09
7795,2.14
7796,1.85
7797,1.39
7798,1.25
7799,1.55
7800,1.92
7801,2.15
7802,2.22
7803,2.33
7804,2.46
7805,2.6
7806,2.62
7807,2.5
7808,2.34
7809,1.8
7810,0.55
7811,0.49
7812,1.11
7813,1.71
7814,1.97
7815,1.98
7816,1.92
7817,2.01
7818,2.31
7819,2.36
7820,2.44
7821,2.46
7822,2.44
7823,2.47
7824,2.44
7825,2.48
7826,2.55
7827,2.69
7828,2.89
7829,3.04
7830,3.03
7831,2.76
7832,2.63
7833,2.46
7834,2.42
7835,2.6
7836,3.08
7837,3.73
7838,4.15
7839,4.33
7840,4.29
7841,3.38
7842,3.32
7843,3.29
7844,3.22
7845,3.11
7846,2.96
7847,2.71
7848,2.39
7849,1.98
7850,1.49
7851,1.01
7852,0.61
7853,0.74
7854,1.41
7855,2.03
7856,3.02
7857,3.12
7858,3.1
7859,2.91
7860,2.62
7861,2.15
7862,1.75
7863,1.44
7864,1.07
7865,0.75
7866,1.05
7867,1.73
7868,2.57
7869,3.51
7870,4.45
7871,5.19
7872,5.81
7873,6.36
7874,6.73
7875,6.77
7876,6.89
7877,6.83
7878,6.55
7879,6.42
7880,6.89
7881,6.82
7882,6.37
7883,5.59
7884,4.72
7885,3.94
7886,3.26
7887,2.77
7888,2.38
7889,1.75
7890,2.03
7891,2.45
7892,2.89
7893,3.29
7894,3.62
7895,3.98
7896,4.34
7897,4.7
7898,5.07
7899,5.41
7900,5.76
7901,6.08
7902,6.33
7903,6.72
7904,7.29
7905,7.55
7906,7.94
7907,7.94
7908,7.63
7909,7.29
7910,7.23
7911,7.42
7912,7.28
7913,6.07
7914,6.0
7915,6.26
7916,6.3
7917,6.21
7918,6.19
7919,6.03
7920,6.12
7921,6.22
7922,6.49
7923,6.8
7924,7.17
7925,7.32
7926,7.36
7927,7.53
7928,8.06
7929,9.0
7930,9.33
7931,9.07
7932,8.65
7933,8.35
7934,7.99
7935,7.59
7936,6.87
7937,5.34
7938,5.38
7939,5.45
7940,5.47
7941,5.41
7942,5.32
7943,5.21
7944,5.06
7945,4.89
7946,4.79
7947,4.72
7948,4.67
7949,4.63
7950,4.58
7951,4.53
7952,4.94
7953,4.49
7954,4.77
7955,4.19
7956,3.37
7957,2.51
7958,2.02
7959,1.91
7960,1.52
7961,1.21
7962,1.28
7963,1.57
7964,2.07
7965,2.61
7966,3.01
7967,3.29
7968,3.5
7969,3.67
7970,3.77
7971,3.82
7972,3.85
7973,3.84
7974,3.84
7975,3.78
7976,3.88
7977,3.88
7978,3.87
7979,3.66
7980,3.27
7981,2.95
7982,2.61
7983,2.23
7984,1.44
7985,1.11
7986,1.0
7987,1.12
7988,1.29
7989,1.44
7990,1.63
7991,2.06
7992,2.66
7993,3.15
7994,3.41
7995,3.42
7996,3.23
7997,2.97
7998,2.77
7999,2.64
8000,2.42
8001,2.37
8002,1.46
8003,0.69
8004,0.17
8005,0.31
8006,0.65
8007,0.92
8008,1.29
8009,1.95
8010,2.47
8011,2.52
8012,2.39
8013,2.34
8014,2.53
8015,2.91
8016,3.3
8017,3.54
8018,3.6
8019,3.55
8020,3.44
8021,3.25
8022,3.02
8023,2.76
8024,2.42
8025,2.32
8026,1.34
8027,0.23
8028,0.63
8029,1.23
8030,1.78
8031,2.2
8032,2.41
8033,2.83
8034,3.28
8035,3.29
8036,3.05
8037,2.73
8038,2.58
8039,2.74
8040,3.08
8041,3.39
8042,3.55
8043,3.62
8044,3.61
8045,3.53
8046,3.4
8047,3.21
8048,2.88
8049,2.7
8050,1.57
8051,0.86
8052,1.18
8053,1.78
8054,2.36
8055,2.74
8056,2.85
8057,3.15
8058,3.46
8059,3.32
8060,3.11
8061,2.97
8062,2.98
8063,3.12
8064,3.3
8065,3.35
8066,3.33
8067,3.25
8068,3.09
8069,2.89
8070,2.74
8071,2.6
8072,2.56
8073,2.32
8074,2.29
8075,2.34
8076,2.36
8077,2.49
8078,2.78
8079,3.12
8080,3.31
8081,3.18
8082,3.53
8083,3.56
8084,3.45
8085,3.27
8086,3.13
8087,3.05
8088,2.95
8089,2.74
8090,2.6
8091,2.61
8092,2.67
8093,2.72
8094,2.74
8095,2.73
8096,2.57
8097,2.37
8098,2.12
8099,1.89
8100,1.62
8101,1.64
8102,2.15
8103,2.72
8104,3.17
8105,3.15
8106,3.55
8107,3.61
8108,3.58
8109,3.56
8110,3.62
8111,3.73
8112,3.54
8113,3.05
8114,2.46
8115,2.03
8116,1.75
8117,1.44
8118,1.05
8119,0.95
8120,1.48
8121,2.14
8122,3.21
8123,3.46
8124,3.28
8125,3.06
8126,2.47
8127,1.81
8128,1.72
8129,2.48
8130,3.11
8131,3.18
8132,2.95
8133,2.62
8134,2.43
8135,2.43
8136,2.29
8137,1.85
8138,1.48
8139,1.33
8140,1.29
8141,1.34
8142,1.57
8143,2.0
8144,2.73
8145,2.9
8146,2.9
8147,2.76
8148,2.43
8149,2.13
8150,1.86
8151,1.63
8152,1.13
8153,0.71
8154,0.17
8155,0.65
8156,1.16
8157,1.3
8158,1.22
8159,1.12
8160,1.16
8161,1.35
8162,1.71
8163,2.19
8164,2.65
8165,3.04
8166,3.4
8167,3.7
8168,4.11
8169,4.29
8170,3.95
8171,3.32
8172,2.42
8173,1.83
8174,1.6
8175,1.66
8176,1.7
8177,2.26
8178,2.7
8179,2.95
8180,3.0
8181,2.96
8182,2.9
8183,2.84
8184,2.83
8185,2.9
8186,2.93
8187,2.92
8188,2.88
8189,2.79
8190,2.75
8191,2.65
8192,2.66
8193,2.39
8194,1.95
8195,1.87
8196,1.88
8197,1.95
8198,2.23
8199,2.68
8200,2.91
8201,2.98
8202,3.21
8203,3.09
8204,2.96
8205,2.89
8206,2.84
8207,2.79
8208,2.79
8209,2.71
8210,2.6
8211,2.5
8212,2.43
8213,2.32
8214,2.25
8215,2.39
8216,3.32
8217,3.74
8218,3.56
8219,2.88
8220,2.44
8221,2.01
8222,1.63
8223,1.24
8224,0.9
8225,0.64
8226,0.64
8227,1.19
8228,1.94
8229,2.61
8230,3.27
8231,3.88
8232,4.31
8233,4.56
8234,4.76
8235,4.93
8236,5.09
8237,5.28
8238,5.51
8239,5.87
8240,6.45
8241,6.47
8242,6.35
8243,5.71
8244,4.82
8245,4.08
8246,3.54
8247,3.11
8248,2.35
8249,1.96
8250,2.4
8251,2.98
8252,3.55
8253,3.94
8254,4.15
8255,4.23
8256,4.17
8257,4.08
8258,4.02
8259,4.03
8260,4.11
8261,4.14
8262,4.17
8263,4.22
8264,4.78
8265,4.39
8266,4.15
8267,3.21
8268,2.44
8269,1.94
8270,1.93
8271,2.21
8272,2.33
8273,2.29
8274,2.19
8275,1.79
8276,1.4
8277,1.29
8278,1.58
8279,2.27
8280,2.94
8281,3.5
8282,3.85
8283,4.02
8284,4.12
8285,4.14
8286,4.06
8287,4.06
8288,4.56
8289,4.17
8290,3.3
8291,2.26
8292,1.43
8293,0.83
8294,0.52
8295,0.4
8296,0.49
8297,0.45
8298,0.47
8299,0.97
8300,1.53
8301,1.95
8302,2.26
8303,2.52
8304,2.78
8305,3.05
8306,3.39
8307,3.65
8308,3.76
8309,3.78
8310,3.82
8311,3.77
8312,4.04
8313,3.97
8314,3.98
8315,3.54
8316,2.99
8317,2.4
8318,1.92
8319,1.61
8320,1.27
8321,0.92
8322,0.92
8323,1.14
8324,1.48
8325,1.78
8326,2.02
8327,2.34
8328,2.68
8329,2.95
8330,3.17
8331,3.35
8332,3.44
8333,3.51
8334,3.6
8335,3.61
8336,3.74
8337,3.41
8338,2.73
8339,1.94
8340,1.29
8341,1.16
8342,1.56
8343,2.0
8344,2.3
8345,2.48
8346,2.76
8347,2.8
8348,2.64
8349,2.32
8350,1.85
8351,1.31
8352,1.58
8353,2.48
8354,3.3
8355,3.93
8356,4.49
8357,4.96
8358,5.27
8359,5.41
8360,5.69
8361,5.29
8362,4.41
8363,2.67
8364,1.51
8365,1.49
8366,2.0
8367,2.12
8368,1.73
8369,1.02
8370,1.25
8371,2.57
8372,3.81
8373,4.67
8374,4.97
8375,5.0
8376,4.99
8377,4.98
8378,4.98
8379,5.05
8380,5.08
8381,5.13
8382,5.2
8383,5.29
8384,5.94
8385,5.83
8386,5.95
8387,5.51
8388,4.88
8389,4.22
8390,3.77
8391,3.6
8392,3.41
8393,3.16
8394,3.87
8395,4.44
8396,4.9
8397,5.19
8398,5.23
8399,5.16
8400,5.13
8401,5.1
8402,5.06
8403,5.05
8404,5.05
8405,5.04
8406,5.07
8407,5.1
8408,5.75
8409,5.89
8410,6.18
8411,5.64
8412,5.03
8413,4.48
8414,4.05
8415,3.72
8416,3.15
8417,2.53
8418,2.6
8419,2.61
8420,2.68
8421,2.8
8422,2.89
8423,2.85
8424,2.74
8425,2.69
8426,2.95
8427,3.16
8428,3.15
8429,3.1
8430,3.14
8431,3.18
8432,3.34
8433,3.32
8434,3.14
8435,2.93
8436,2.62
8437,2.19
8438,1.7
8439,1.23
8440,0.71
8441,0.4
8442,0.43
8443,0.75
8444,1.17
8445,1.57
8446,1.95
8447,2.34
8448,2.71
8449,3.0
8450,3.26
8451,3.49
8452,3.64
8453,3.74
8454,3.82
8455,3.88
8456,4.06
8457,4.21
8458,4.14
8459,4.09
8460,3.82
8461,3.42
8462,3.02
8463,2.68
8464,2.02
8465,1.95
8466,2.21
8467,2.58
8468,2.99
8469,3.31
8470,3.53
8471,3.65
8472,3.87
8473,4.06
8474,4.19
8475,4.3
8476,4.45
8477,4.58
8478,4.69
8479,4.7
8480,5.05
8481,4.9
8482,4.66
8483,4.13
8484,3.46
8485,2.76
8486,2.07
8487,1.24
8488,0.47
8489,0.33
8490,0.41
8491,0.66
8492,0.76
8493,0.64
8494,0.85
8495,1.31
8496,1.76
8497,2.06
8498,2.24
8499,2.44
8500,2.59
8501,2.65
8502,2.72
8503,2.76
8504,2.65
8505,2.76
8506,2.09
8507,1.69
8508,1.4
8509,1.07
8510,0.91
8511,1.04
8512,1.09
8513,1.31
8514,1.32
8515,0.95
8516,0.66
8517,0.59
8518,0.93
8519,1.45
8520,1.86
8521,1.95
8522,1.85
8523,1.78
8524,1.72
8525,1.71
8526,1.73
8527,1.83
8528,2.0
8529,2.17
8530,1.33
8531,0.9
8532,0.7
8533,0.37
8534,0.43
8535,0.86
8536,1.24
8537,1.55
8538,1.59
8539,1.21
8540,0.67
8541,0.28
8542,0.64
8543,1.09
8544,1.47
8545,1.8
8546,2.18
8547,2.5
8548,2.73
8549,2.91
8550,3.04
8551,3.16
8552,3.32
8553,3.3
8554,2.71
8555,2.02
8556,1.39
8557,0.77
8558,0.5
8559,0.73
8560,1.11
8561,1.65
8562,2.07
8563,2.14
8564,2.1
8565,2.0
8566,2.17
8567,2.48
8568,2.71
8569,2.8
8570,2.95
8571,3.19
8572,3.39
8573,3.46
8574,3.51
8575,3.53
8576,3.83
8577,3.75
8578,3.67
8579,3.09
8580,2.68
8581,2.28
8582,2.06
8583,2.0
8584,1.8
8585,1.73
8586,2.35
8587,2.94
8588,3.51
8589,3.9
8590,4.1
8591,4.14
8592,4.18
8593,4.17
8594,4.28
8595,4.47
8596,4.59
8597,4.67
8598,4.74
8599,4.77
8600,5.29
8601,4.85
8602,4.68
8603,3.96
8604,3.05
8605,2.27
8606,1.89
8607,1.82
8608,1.61
8609,1.59
8610,2.01
8611,2.39
8612,2.7
8613,2.96
8614,3.21
8615,3.48
8616,3.66
8617,3.8
8618,3.92
8619,3.95
8620,3.96
8621,3.92
8622,3.73
8623,3.52
8624,3.19
8625,2.73
8626,1.87
8627,1.63
8628,1.75
8629,2.09
8630,2.62
8631,3.33
8632,3.72
8633,3.51
8634,3.94
8635,4.03
8636,4.18
8637,4.39
8638,4.54
8639,4.74
8640,5.6
8641,6.32
8642,6.77
8643,7.05
8644,7.02
8645,6.91
8646,6.73
8647,6.44
8648,6.86
8649,7.48
8650,7.17
8651,6.29
8652,5.03
8653,3.69
8654,3.05
8655,2.93
8656,2.51
8657,2.38
8658,2.87
8659,4.0
8660,5.69
8661,6.89
8662,7.2
8663,7.2
8664,7.08
8665,6.64
8666,5.91
8667,5.22
8668,4.66
8669,4.08
8670,3.46
8671,2.79
8672,2.17
8673,1.39
8674,1.0
8675,0.78
8676,1.13
8677,1.52
8678,1.44
8679,1.09
8680,0.92
8681,1.23
8682,1.37
8683,1.23
8684,1.2
8685,1.41
8686,1.79
8687,2.13
8688,2.48
8689,2.88
8690,3.3
8691,3.68
8692,4.04
8693,4.24
8694,4.42
8695,4.51
8696,4.92
8697,4.77
8698,4.82
8699,4.33
8700,3.61
8701,2.91
8702,2.64
8703,2.68
8704,2.44
8705,2.14
8706,2.62
8707,3.14
8708,3.61
8709,4.04
8710,4.28
8711,4.44
8712,4.55
8713,4.64
8714,4.77
8715,4.89
8716,4.96
8717,4.98
8718,4.88
8719,4.8
8720,5.27
8721,5.16
8722,5.5
8723,5.27
8724,4.67
8725,4.03
8726,3.77
8727,3.85
8728,3.87
8729,3.29
8730,3.96
8731,4.48
8732,4.83
8733,4.96
8734,4.93
8735,4.81
8736,4.69
8737,4.62
8738,4.56
8739,4.58
8740,4.62
8741,4.61
8742,4.58
8743,4.5
8744,4.82
8745,4.92
8746,5.59
8747,5.66
8748,5.36
8749,4.96
8750,4.83
8751,4.93
8752,4.71
8753,3.84
8754,4.29
8755,4.62
8756,4.65
8757,4.46
8758,4.12
8759,3.72
8760,3.39
